StartDate,EndDate,Status,Progress,Duration (in seconds),Finished,RecordedDate,ResponseId,DistributionChannel,UserLanguage,Q_RecaptchaScore,Q_BallotBoxStuffing,QID39,Q5,Q6,Q7,Q25,Q8,Q9,QID11,QID15,QID13_1,QID13_2,QID13_3,QID13_4,QID13_5,QID13_6,QID13_7,QID13_8,QID13_9,QID13_10,QID12,QID44,QID17_1,QID17_2,QID17_3,QID17_4,QID17_5,QID31_1,QID31_2,QID31_3,QID31_4,QID31_5,QID22_1,QID22_2,QID22_3,QID22_4,QID37_1,QID37_2,QID37_3,QID37_4,QID29,QID30_1,QID30_2,QID30_3,QID30_4,QID30_5,QID30_6,QID30_7,Q35,SC0,Q_RecaptchaStatus,Q_RecaptchaError,PROLIFIC_PID
Start Date,End Date,Response Type,Progress,Duration (in seconds),Finished,Recorded Date,Response ID,Distribution Channel,User Language,Q_RecaptchaScore,Q_BallotBoxStuffing,"Research project: Digital Escapism as a Risk Factor for Depression among adult Social Media Users residing in the Netherlands  Researcher: Mr. Philip F. Rühling  Course: Urban Studies (Bachelor's)  Faculty: Faculty of Humanities   Institute: Leiden University  Contact: s3646882@vuw.leidenuniv.nl    This study is conducted as part of a bachelor's thesis at Leiden University by Philip Rühling. It collects some sensitive information (such as your 4-digit postcode, mood, and wellbeing), but all responses are fully anonymous and used only for this study. Your postcode is used only to retrieve neighbourhood-level statistics and will be deleted afterwards (it cannot be used to identify your home address).   Participation is voluntary, and you will be compensated regardless of whether you complete or submit the survey.  For mental health support, contact 113 Zelfmoordpreventie on 0800-0113, available 24 hours a day and free of charge.","What is your age? (e.g., 18)",What gender do you identify with?,Do you hold citizenship or permanent residency in the EU/EEA?,Which of the following best describes your background?,What is the highest level of education you have successfully completed?,What is your personal gross monthly income (before taxes)?,What is your 4-digit postcode?,Have you lived at this 4-digit postcode for at least 6 months?,"Where do you feel you belong on this ladder?  Think of this ladder as representing where people stand in our society. At the top of the ladder are the people who are the best off, those who have the most money, most education, and best jobs. At the bottom are the people who are the worst off, those who have the least money, least education, and worst jobs or no job. - 10","Where do you feel you belong on this ladder?  Think of this ladder as representing where people stand in our society. At the top of the ladder are the people who are the best off, those who have the most money, most education, and best jobs. At the bottom are the people who are the worst off, those who have the least money, least education, and worst jobs or no job. - 9","Where do you feel you belong on this ladder?  Think of this ladder as representing where people stand in our society. At the top of the ladder are the people who are the best off, those who have the most money, most education, and best jobs. At the bottom are the people who are the worst off, those who have the least money, least education, and worst jobs or no job. - 8","Where do you feel you belong on this ladder?  Think of this ladder as representing where people stand in our society. At the top of the ladder are the people who are the best off, those who have the most money, most education, and best jobs. At the bottom are the people who are the worst off, those who have the least money, least education, and worst jobs or no job. - 7","Where do you feel you belong on this ladder?  Think of this ladder as representing where people stand in our society. At the top of the ladder are the people who are the best off, those who have the most money, most education, and best jobs. At the bottom are the people who are the worst off, those who have the least money, least education, and worst jobs or no job. - 6","Where do you feel you belong on this ladder?  Think of this ladder as representing where people stand in our society. At the top of the ladder are the people who are the best off, those who have the most money, most education, and best jobs. At the bottom are the people who are the worst off, those who have the least money, least education, and worst jobs or no job. - 5","Where do you feel you belong on this ladder?  Think of this ladder as representing where people stand in our society. At the top of the ladder are the people who are the best off, those who have the most money, most education, and best jobs. At the bottom are the people who are the worst off, those who have the least money, least education, and worst jobs or no job. - 4","Where do you feel you belong on this ladder?  Think of this ladder as representing where people stand in our society. At the top of the ladder are the people who are the best off, those who have the most money, most education, and best jobs. At the bottom are the people who are the worst off, those who have the least money, least education, and worst jobs or no job. - 3","Where do you feel you belong on this ladder?  Think of this ladder as representing where people stand in our society. At the top of the ladder are the people who are the best off, those who have the most money, most education, and best jobs. At the bottom are the people who are the worst off, those who have the least money, least education, and worst jobs or no job. - 2","Where do you feel you belong on this ladder?  Think of this ladder as representing where people stand in our society. At the top of the ladder are the people who are the best off, those who have the most money, most education, and best jobs. At the bottom are the people who are the worst off, those who have the least money, least education, and worst jobs or no job. - 1",How much time do you spend on social media?,Which social media platform(s) do you spent the most time on? (optional),"Honestly, while using social media, there are moments... - When I envy others, I focus on how I become equally successful in the future","Honestly, while using social media, there are moments... - If I notice that another person is better than me, I try to improve myself","Honestly, while using social media, there are moments... - Envying others, motivates me to accomplish my goals","Honestly, while using social media, there are moments... - I strive to reach other peoples superior achievements","Honestly, while using social media, there are moments... - If someone has superior qualities, achievements, or possessions, I try to attain them for myself.","Honestly, while using social media, there are moments... - I wish that superior people lose their advantage","Honestly, while using social media, there are moments... - If other people have something I want for myself, I wish to take it away from them","Honestly, while using social media, there are moments... - I feel ill will toward people I envy","Honestly, while using social media, there are moments... - Envious feelings cause me to dislike the other person","Honestly, while using social media, there are moments... - Seeing other peoples achievements makes me resent them","When I use social media (e.g., view, like, comment, share, or make content)... - I notice that I try to prevent negative thoughts about myself","When I use social media (e.g., view, like, comment, share, or make content)... - I notice that I shut out the difficult things I don't want to think about","When I use social media (e.g., view, like, comment, share, or make content)... - I notice that I want to escape from reality","When I use social media (e.g., view, like, comment, share, or make content)... - I notice that I want to escape from myself","When I use social media (e.g., view, like, comment, share, or make content)... - I notice that I continually try to learn new things about myself","When I use social media (e.g., view, like, comment, share, or make content)... - I notice that I often surprise myself in a positive way","When I use social media (e.g., view, like, comment, share, or make content)... - I notice that I open up for experiences that enrich my life","When I use social media (e.g., view, like, comment, share, or make content)... - I notice that I am filled with a positive energy that transfers to other parts of my life","Briefly describe below, if you use social media for other reasons. (optional)","In general, in the past several months I have regularly noticed that... - I felt downhearted and blue","In general, in the past several months I have regularly noticed that... - I felt that I had nothing to look forward to","In general, in the past several months I have regularly noticed that... - I felt that life was meaningless","In general, in the past several months I have regularly noticed that... - I felt I wasn’t worth much as a person","In general, in the past several months I have regularly noticed that... - I was unable to become enthusiastic about anything","In general, in the past several months I have regularly noticed that... - I couldn't seem to experience any positive feelings at all","In general, in the past several months I have regularly noticed that... - I found it difficult to work up the initiative to do things",What is your Prolific ID?  Please note that this response should auto-fill with the correct ID,Score,Q_RecaptchaStatus,Q_RecaptchaError,PROLIFIC_PID
"{""ImportId"":""startDate"",""timeZone"":""Europe/Berlin""}","{""ImportId"":""endDate"",""timeZone"":""Europe/Berlin""}","{""ImportId"":""status""}","{""ImportId"":""progress""}","{""ImportId"":""duration""}","{""ImportId"":""finished""}","{""ImportId"":""recordedDate"",""timeZone"":""Europe/Berlin""}","{""ImportId"":""_recordId""}","{""ImportId"":""distributionChannel""}","{""ImportId"":""userLanguage""}","{""ImportId"":""Q_RecaptchaScore""}","{""ImportId"":""Q_BallotBoxStuffing""}","{""ImportId"":""QID39""}","{""ImportId"":""QID5_TEXT""}","{""ImportId"":""QID6""}","{""ImportId"":""QID7""}","{""ImportId"":""QID42""}","{""ImportId"":""QID8""}","{""ImportId"":""QID9""}","{""ImportId"":""QID11_TEXT""}","{""ImportId"":""QID15""}","{""ImportId"":""QID13_12""}","{""ImportId"":""QID13_19""}","{""ImportId"":""QID13_20""}","{""ImportId"":""QID13_21""}","{""ImportId"":""QID13_22""}","{""ImportId"":""QID13_23""}","{""ImportId"":""QID13_24""}","{""ImportId"":""QID13_25""}","{""ImportId"":""QID13_26""}","{""ImportId"":""QID13_27""}","{""ImportId"":""QID12""}","{""ImportId"":""QID44_TEXT""}","{""ImportId"":""QID17_1""}","{""ImportId"":""QID17_2""}","{""ImportId"":""QID17_3""}","{""ImportId"":""QID17_4""}","{""ImportId"":""QID17_5""}","{""ImportId"":""QID31_1""}","{""ImportId"":""QID31_2""}","{""ImportId"":""QID31_3""}","{""ImportId"":""QID31_4""}","{""ImportId"":""QID31_5""}","{""ImportId"":""QID22_1""}","{""ImportId"":""QID22_2""}","{""ImportId"":""QID22_3""}","{""ImportId"":""QID22_4""}","{""ImportId"":""QID37_1""}","{""ImportId"":""QID37_2""}","{""ImportId"":""QID37_3""}","{""ImportId"":""QID37_4""}","{""ImportId"":""QID29_TEXT""}","{""ImportId"":""QID30_1""}","{""ImportId"":""QID30_2""}","{""ImportId"":""QID30_3""}","{""ImportId"":""QID30_4""}","{""ImportId"":""QID30_5""}","{""ImportId"":""QID30_6""}","{""ImportId"":""QID30_7""}","{""ImportId"":""QID52_TEXT""}","{""ImportId"":""SC_bydFAQ2fhplzxOu""}","{""ImportId"":""Q_RecaptchaStatus""}","{""ImportId"":""Q_RecaptchaError""}","{""ImportId"":""PROLIFIC_PID""}"
2026-04-28 17:01:53,2026-04-28 17:05:43,0,100,229,1,2026-04-28 17:05:43,R_8BPcUo65RYPDVSN,anonymous,EN,1,,1,22,1,1,1,3,2,7701,1,Off,Off,Off,Off,On,Off,Off,Off,Off,Off,4,"Youtube ",3,1,2,2,2,2,1,1,1,1,7,7,7,7,6,4,5,5,,1,1,1,1,1,1,1,69e9383d80f6eb5fcc2d303569e9383d80f6eb5fcc2d3035,72.5,complete,,69e9383d80f6eb5fcc2d3035
2026-04-28 17:02:25,2026-04-28 17:06:12,0,100,226,1,2026-04-28 17:06:13,R_8bxwwZat1bD0yxX,anonymous,EN,1,,1,35,1,1,4,6,9,2611,1,Off,Off,Off,Off,Off,On,Off,Off,Off,Off,4,,3,4,5,4,5,4,2,2,1,1,6,5,6,6,3,3,6,4,,2,1,1,1,2,1,2,6998b5315dd6ce1a0d526b6d6998b5315dd6ce1a0d526b6d,82.5,complete,,6998b5315dd6ce1a0d526b6d
2026-04-28 17:02:17,2026-04-28 17:06:44,0,100,266,1,2026-04-28 17:06:44,R_8O3mtkUO1edLy35,anonymous,EN,0.800000011920929,,1,21,1,1,1,6,1,1611,1,Off,Off,Off,Off,Off,On,Off,Off,Off,Off,3,"Tiktok, Snapchat, Youtube, Twitter, LinkedIn",2,2,3,2,3,4,1,1,1,1,3,3,2,2,3,3,2,2,,3,3,3,4,3,3,3,69f085e7eaa5b3055e91ad26,96.5,complete,,69f085e7eaa5b3055e91ad26
2026-04-28 17:03:13,2026-04-28 17:06:50,0,100,217,1,2026-04-28 17:06:51,R_8s1JwqGvkb6RMg2,anonymous,EN,1,,1,31,2,1,1,6,8,2133,1,Off,Off,Off,Off,On,Off,Off,Off,Off,Off,3,Instagram,3,6,4,6,5,2,2,1,2,2,2,2,5,6,5,4,6,5,,1,3,2,2,1,1,2,69e65c9a3d2d0388d45ef20569e65c9a3d2d0388d45ef205,88.5,complete,,69e65c9a3d2d0388d45ef205
2026-04-28 17:02:27,2026-04-28 17:07:21,0,100,293,1,2026-04-28 17:07:21,R_8s0ZGMHT2e7bi9D,anonymous,EN,1,,1,32,1,1,1,5,10,8931,1,Off,Off,Off,On,Off,Off,Off,Off,Off,Off,4,"Youtube, LinkedIn",1,5,3,6,5,5,2,3,2,3,2,5,6,6,5,6,6,6,NA,3,2,2,2,1,2,2,69aeb3227feaf9c0af75003169aeb3227feaf9c0af750031,100.5,complete,,69aeb3227feaf9c0af750031
2026-04-28 17:02:28,2026-04-28 17:07:29,0,100,300,1,2026-04-28 17:07:29,R_8FCEy04nlZfIbdB,anonymous,EN,1,,1,33,1,1,1,3,12,3089,1,Off,Off,Off,Off,Off,Off,Off,On,Off,Off,6,Youtube & Reddit,5,4,6,6,5,2,2,2,3,2,2,2,2,3,2,3,2,2,,3,3,3,2,3,2,3,69a296006c85acbc2b709b03,93.5,complete,,69a296006c85acbc2b709b03
2026-04-28 17:02:42,2026-04-28 17:08:09,0,100,327,1,2026-04-28 17:08:10,R_2kt5lYopKeE8mBv,anonymous,EN,1,,1,26,2,1,1,6,12,5141,1,Off,Off,Off,Off,On,Off,Off,Off,Off,Off,5,instagram - tiktok - YouTube,3,3,3,4,3,3,3,3,5,5,3,5,3,5,5,5,5,3,work,3,2,1,1,1,1,3,69d7b63136bc5b8b2f3c568369d7b63136bc5b8b2f3c5683,109.5,complete,,69d7b63136bc5b8b2f3c5683
2026-04-28 17:02:26,2026-04-28 17:08:13,0,100,347,1,2026-04-28 17:08:14,R_2fvVLB62o6Z5Gc2,anonymous,EN,1,,1,28,2,1,1,6,9,1945,1,Off,Off,On,Off,Off,Off,Off,Off,Off,Off,5,"Youtube, Linkedin, Reddit",5,5,6,3,4,6,7,5,4,7,2,1,6,7,7,4,5,4,,2,1,1,2,1,1,3,69c7fbec165c902e52acf93669c7fbec165c902e52acf936,110.5,complete,,69c7fbec165c902e52acf936
2026-04-28 17:03:12,2026-04-28 17:08:14,0,100,301,1,2026-04-28 17:08:14,R_8mwLeul3Q9fZrbj,anonymous,EN,1,,1,36,2,1,4,6,10,2562,1,Off,Off,Off,On,Off,Off,Off,Off,Off,Off,3,Tiktok,3,6,5,5,5,2,1,1,2,1,3,3,3,6,5,5,5,3,,3,2,3,1,3,2,3,69d8a676a584c578712ba8b369d8a676a584c578712ba8b3,94.5,complete,,69d8a676a584c578712ba8b3
2026-04-28 17:04:53,2026-04-28 17:09:17,0,100,264,1,2026-04-28 17:09:17,R_2TEPKKe15sEZpsr,anonymous,EN,1,,1,22,1,1,2,5,1,2957,1,Off,Off,Off,On,Off,Off,Off,Off,Off,Off,4,"Instagram, TikTok, Reddit, LinkedIn.",5,6,6,4,5,2,1,2,1,1,2,3,5,5,3,4,3,2,,3,3,2,2,4,2,3,69df56e596286232c049e62269df56e596286232c049e622,76.5,complete,,69df56e596286232c049e622
2026-04-28 17:06:04,2026-04-28 17:09:58,0,100,233,1,2026-04-28 17:09:59,R_88NBt63utilrtZH,anonymous,EN,1,,1,26,2,1,1,6,2,6211,2,Off,Off,Off,Off,On,Off,Off,Off,Off,Off,3,"Instagram, TikTok",1,1,1,1,1,3,2,2,2,2,3,3,4,4,4,5,5,5,,3,2,2,2,2,3,4,6310cc34a290f2ad41540f086310cc34a290f2ad41540f08,110.5,complete,,6310cc34a290f2ad41540f08
2026-04-28 17:02:13,2026-04-28 17:09:59,0,100,466,1,2026-04-28 17:10:00,R_21cGAMAI6MtRR4t,anonymous,EN,1,,1,27,1,1,1,5,7,7201,1,Off,Off,Off,On,Off,Off,Off,Off,Off,Off,4,Instagram,4,3,3,3,3,2,3,3,2,3,4,5,6,6,5,5,4,4,,1,1,1,1,1,1,2,64581c19e5e95ab59f07be2364581c19e5e95ab59f07be23,86.5,complete,,64581c19e5e95ab59f07be23
2026-04-28 17:04:45,2026-04-28 17:10:01,0,100,316,1,2026-04-28 17:10:01,R_20OtKVBKFfsoKx0,anonymous,EN,1,,1,31,2,1,1,6,7,3181,1,Off,Off,Off,Off,On,Off,Off,Off,Off,Off,4,facebook and instagram,3,5,5,5,4,4,3,2,4,3,5,6,2,3,5,3,4,3,,4,4,4,4,3,3,4,656895edd56e4fbea4e942c5656895edd56e4fbea4e942c5,105.5,complete,,656895edd56e4fbea4e942c5
2026-04-28 17:03:41,2026-04-28 17:10:26,0,100,405,1,2026-04-28 17:10:27,R_8eCPz2HCfdmdCe2,anonymous,EN,0.8999999761581421,,1,49,1,1,4,5,3,1055,1,Off,Off,Off,Off,Off,Off,On,Off,Off,Off,5,"reddit, instagram, linkedin",3,4,3,3,3,2,1,1,2,2,2,4,3,3,5,4,5,3,"linkedin: to find jobs. instagram: for photo inspiration. Reddit: for some news content, information and reviews about work platforms and products.",1,1,2,2,2,2,1,69b9899b7ae88d47c4a5730069b9899b7ae88d47c4a57300,92.5,complete,,69b9899b7ae88d47c4a57300
2026-04-28 17:04:52,2026-04-28 17:11:16,0,100,384,1,2026-04-28 17:11:17,R_8n0UaSmmDnur5rb,anonymous,EN,1,,1,45,1,1,1,6,7,9712,1,Off,Off,Off,On,Off,Off,Off,Off,Off,Off,3,Instgram Linkedin,3,7,6,6,5,5,2,1,2,2,2,5,6,7,4,5,5,4,,1,1,1,1,1,1,2,69e763e9f6b0318bf9fb9691,75.5,complete,,69e763e9f6b0318bf9fb9691
2026-04-28 17:08:20,2026-04-28 17:13:56,0,100,336,1,2026-04-28 17:13:57,R_2PSlWc7s8O7ByB4,anonymous,EN,1,,1,45,2,1,1,5,9,8012,1,Off,Off,Off,On,Off,Off,Off,Off,Off,Off,3,"Instagram ",4,3,3,2,3,1,1,1,1,1,5,5,2,2,5,4,3,2,Relaxing. Information,3,2,2,1,3,2,3,69e8911f940d4bde96cade5c69e8911f940d4bde96cade5c,92.5,complete,,69e8911f940d4bde96cade5c
2026-04-28 17:09:08,2026-04-28 17:15:30,0,100,381,1,2026-04-28 17:15:31,R_2O9uXil5NkuIYLK,anonymous,EN,1,,1,32,2,1,1,6,10,1508,1,Off,Off,Off,On,Off,Off,Off,Off,Off,Off,5,"Instagram ",5,4,5,3,3,2,3,1,3,4,6,4,5,5,2,3,1,2,,1,1,1,1,2,1,2,699485a587172681fc1a5e62699485a587172681fc1a5e62,80.5,complete,,699485a587172681fc1a5e62
2026-04-28 17:11:02,2026-04-28 17:19:40,0,100,518,1,2026-04-28 17:19:41,R_8BsNDM0Qtb0CB6c,anonymous,EN,1,,1,29,3,1,1,6,6,3531,2,Off,Off,Off,Off,Off,On,Off,Off,Off,Off,3,Instagram,2,4,3,5,6,1,1,1,1,1,2,2,1,2,6,4,4,5,"I feel like I use social media to get inspired, and to have ideas. I save a lot of art things on there, but also relationship advice, or beautiful poetry. I also do it to connect to people like me. I am queer. So I find relatable content about my gender / sexuality on there which make me feel like I belong. Additionally, I find a lot of events or places where I can meet people like me on Social media. So it is a place where I am finding out about things in the real world. Additionally, I cannot control my feed completely, so I also sometimes see things that make me feel less positive emotions. Or when I see so many happy people, I feel like, wow, they all seem like they have it so easy, while that is not always the case for me. But I also know that it is not real. But it does take mental strength to keep telling myself that. ",2,2,3,3,2,1,1,697bb7918d308be32de5a09d697bb7918d308be32de5a09d,97.5,complete,,697bb7918d308be32de5a09d
2026-04-28 17:06:54,2026-04-28 17:19:43,0,100,768,1,2026-04-28 17:19:43,R_8gSCoF3d8p0nE00,anonymous,EN,1,,1,37,1,1,1,2,7,1445,1,Off,Off,Off,On,Off,Off,Off,Off,Off,Off,5,Tiktok,4,5,3,6,4,3,2,3,2,3,3,5,4,4,3,5,5,4,Fun,1,2,2,1,2,3,3,699899fad4dafc4a8c1cb92d699899fad4dafc4a8c1cb92d,88.5,complete,,699899fad4dafc4a8c1cb92d
2026-04-28 17:10:34,2026-04-28 17:21:19,0,100,644,1,2026-04-28 17:21:19,R_8V0OhhMt6MsrB4t,anonymous,EN,1,,1,37,2,1,4,6,1,1115,1,Off,Off,On,Off,Off,Off,Off,Off,Off,Off,3,"youtube, linkedin, bluesky",2,3,6,5,4,2,1,2,5,5,5,3,2,2,2,1,2,1,"I use Youtube for DIY videos, and Bluesky to learn how the journalists I follow comment about the daily news. ",1,1,1,2,1,1,1,666d86351c3825fa5271b65e666d86351c3825fa5271b65e,79.5,complete,,666d86351c3825fa5271b65e
2026-04-28 17:04:40,2026-04-28 17:26:17,0,100,1297,1,2026-04-28 17:26:18,R_2zSJfanGvKfKN1f,anonymous,EN,1,,1,32,1,1,4,5,7,3541,1,Off,Off,Off,Off,Off,On,Off,Off,Off,Off,6,Youtube and Instagram,2,2,1,3,1,2,1,1,1,1,4,2,3,5,6,5,4,4,No other reasons,3,4,2,2,3,2,3,69ef8b5a021ddbcdad72785869ef8b5a021ddbcdad727858,110.5,complete,,69ef8b5a021ddbcdad727858
2026-04-28 17:20:15,2026-04-28 17:26:40,0,100,384,1,2026-04-28 17:26:40,R_2fOz0AXI8k2GdLf,anonymous,EN,1,,1,26,2,1,1,6,8,2317,1,Off,Off,Off,On,Off,Off,Off,Off,Off,Off,4,,4,5,4,6,5,5,2,1,1,1,4,2,2,3,5,5,6,4,"For me it's also a way to stay connected to what goes on in the world. Not just news wise, but also what is relevant in a cultural context. ",2,2,2,2,2,2,3,69ccea76aa979d0fd83174d669ccea76aa979d0fd83174d6,97.5,complete,,69ccea76aa979d0fd83174d6
2026-04-28 17:48:37,2026-04-28 17:52:44,0,100,247,1,2026-04-28 17:52:44,R_228EZry7dWnyk9P,anonymous,EN,1,,1,27,1,1,1,6,1,5616,1,Off,Off,Off,Off,On,Off,Off,Off,Off,Off,3,Instagram,2,2,3,3,2,6,5,4,4,4,6,6,3,2,4,2,1,2,,4,4,3,3,3,3,4,608fefa4f5981b595f3158f8608fefa4f5981b595f3158f8,105.5,complete,,608fefa4f5981b595f3158f8
2026-04-28 18:00:18,2026-04-28 18:05:22,0,100,304,1,2026-04-28 18:05:23,R_2O02b3aW3X4erPw,anonymous,EN,0.800000011920929,,1,21,1,1,1,2,1,8900,1,On,Off,Off,Off,Off,Off,Off,Off,Off,Off,5,insta snapchat youtube,2,2,2,4,2,2,2,2,2,2,4,4,4,4,5,2,1,1,,3,2,1,1,2,2,2,69aefc6c1e14bf916d11db2869aefc6c1e14bf916d11db28,80.5,complete,,69aefc6c1e14bf916d11db28
2026-04-28 22:07:47,2026-04-28 22:11:13,0,100,205,1,2026-04-28 22:11:13,R_8NI0rIRhPrrJOJn,anonymous,EN,1,,1,25,1,1,1,4,3,5391,1,Off,Off,Off,Off,On,Off,Off,Off,Off,Off,2,tiktok,6,6,6,6,6,4,4,2,2,2,2,2,2,2,2,2,2,2,,3,3,3,3,3,3,4,655bbecb0d8b30cadb68b505655bbecb0d8b30cadb68b505,83.5,complete,,655bbecb0d8b30cadb68b505
2026-04-29 09:00:37,2026-04-29 09:04:41,0,100,243,1,2026-04-29 09:04:41,R_2JUDIxJMBFsA8vf,anonymous,EN,0.8999999761581421,,1,21,1,1,1,3,2,5654,2,Off,Off,Off,Off,Off,On,Off,Off,Off,Off,2,instagram,2,2,3,5,5,5,4,3,5,5,6,2,2,3,4,2,2,2,,3,3,2,2,3,2,3,69cbd9a29758eb9c85a7239b69cbd9a29758eb9c85a7239b,96.5,complete,,69cbd9a29758eb9c85a7239b
2026-04-29 09:01:06,2026-04-29 09:05:19,0,100,253,1,2026-04-29 09:05:19,R_8ElQkgEFgbBvZ1P,anonymous,EN,1,,1,31,1,1,1,5,9,9502,1,Off,Off,Off,Off,On,Off,Off,Off,Off,Off,3,"Instagram, Facebook and YouTube.",4,3,3,5,4,3,3,4,5,4,2,4,5,5,5,3,4,3,Not really. Just seeing how my 'friends' are doing.,3,2,3,2,3,3,3,69c6c2b53d55bd5962b8505569c6c2b53d55bd5962b85055,103.5,complete,,69c6c2b53d55bd5962b85055
2026-04-29 09:01:22,2026-04-29 09:06:06,0,100,284,1,2026-04-29 09:06:07,R_82t26mdhqeMuqO0,anonymous,EN,1,,1,25,2,1,1,6,8,5038,1,Off,Off,Off,On,Off,Off,Off,Off,Off,Off,2,"Youtube, Tumblr, Instagram",2,3,3,5,5,3,2,3,4,2,4,5,3,6,5,2,5,4,,2,1,1,2,1,1,2,69c65049b67dd8e23ebfbbc769c65049b67dd8e23ebfbbc7,89.5,complete,,69c65049b67dd8e23ebfbbc7
2026-04-29 09:01:28,2026-04-29 09:06:22,0,100,294,1,2026-04-29 09:06:22,R_81LQbFgTX1ycij2,anonymous,EN,0.10000000149011612,,1,41,1,1,3,5,7,1018,1,Off,Off,On,Off,Off,Off,Off,Off,Off,Off,4,,3,4,4,4,4,5,4,5,5,5,5,4,4,4,5,4,4,5,,2,2,3,3,3,3,3,5c837864fff8430015e994fd5c837864fff8430015e994fd,111.5,complete,,5c837864fff8430015e994fd
2026-04-29 09:02:54,2026-04-29 09:06:38,0,100,223,1,2026-04-29 09:06:38,R_8rfi6lDpagb49AB,anonymous,EN,1,,1,23,1,1,1,5,2,9951,1,Off,Off,Off,On,Off,Off,Off,Off,Off,Off,3,Youtube,5,4,4,5,5,5,5,4,5,5,3,4,4,5,3,4,5,4,,2,2,1,2,2,2,2,69c653159fc262f6ae945f2c69c653159fc262f6ae945f2c,92.5,complete,,69c653159fc262f6ae945f2c
2026-04-29 09:02:56,2026-04-29 09:07:07,0,100,250,1,2026-04-29 09:07:08,R_8dE1sw4inpYYdxq,anonymous,EN,1,,1,39,1,1,1,3,6,3815,1,Off,Off,Off,Off,On,Off,Off,Off,Off,Off,4,"Instagram, YouTube, Strava",3,3,3,5,5,5,3,5,5,5,3,3,3,5,3,3,4,3,to stay in touch with friends & community,3,3,3,3,3,2,3,69b44640c0993b47ba49488169b44640c0993b47ba494881,104.5,complete,,69b44640c0993b47ba494881
2026-04-29 09:01:08,2026-04-29 09:07:08,0,100,360,1,2026-04-29 09:07:09,R_2Rl8o5fp00uyJCx,anonymous,EN,1,,1,18,2,1,1,3,1,1705,1,Off,Off,Off,Off,Off,Off,Off,On,Off,Off,5,Tiktok and Instagram,5,7,3,6,6,4,2,1,3,2,3,2,2,3,3,2,2,1,,3,4,4,3,2,2,3,6992e9222919cc576c8812726992e9222919cc576c881272,82.5,complete,,6992e9222919cc576c881272
2026-04-29 09:02:47,2026-04-29 09:07:15,0,100,267,1,2026-04-29 09:07:16,R_2uiht8UKrN3PtAJ,anonymous,EN,1,,1,33,1,1,1,6,8,3511,1,Off,Off,Off,On,Off,Off,Off,Off,Off,Off,3,"Tiktok, Instagram",6,5,5,7,7,1,2,2,5,1,6,6,7,7,2,4,5,5,"educational purposes, learning new skills as cooking",2,2,2,1,1,1,1,69de5094dabaec4c0743e64569de5094dabaec4c0743e645,66.5,complete,,69de5094dabaec4c0743e645
2026-04-29 09:01:46,2026-04-29 09:07:20,0,100,334,1,2026-04-29 09:07:21,R_87HjOTWIC9vSQzs,anonymous,EN,0.699999988079071,,1,25,1,1,1,4,6,8223,1,Off,Off,Off,Off,Off,Off,On,Off,Off,Off,6,Instagram,5,2,2,7,6,1,1,1,1,7,2,6,3,6,7,7,7,1,,3,3,3,4,4,1,2,69c2c9c5504d8ee1d2a1310569c2c9c5504d8ee1d2a13105,98.5,complete,,69c2c9c5504d8ee1d2a13105
2026-04-29 09:05:01,2026-04-29 09:08:04,0,100,183,1,2026-04-29 09:08:05,R_2dhDOlxytSbLpyO,anonymous,EN,1,,1,22,1,1,1,6,3,8084,1,Off,Off,Off,On,Off,Off,Off,Off,Off,Off,3,Instagram,3,3,3,3,3,5,3,5,5,5,3,3,3,3,3,3,6,3,,1,1,1,1,1,1,3,69c648df74c8daa7d0339b4f,100.5,complete,,69c648df74c8daa7d0339b4f
2026-04-29 09:02:59,2026-04-29 09:08:32,0,100,332,1,2026-04-29 09:08:32,R_8FHwznbJO6eb9Yt,anonymous,EN,1,,1,23,2,1,4,5,4,5017,1,Off,Off,Off,Off,On,Off,Off,Off,Off,Off,5,,2,2,2,2,2,5,3,3,5,5,2,2,2,2,4,4,6,3,,3,3,3,3,3,3,3,692746543e5c3fee5add306f692746543e5c3fee5add306f,127.5,complete,,692746543e5c3fee5add306f
2026-04-29 09:01:11,2026-04-29 09:08:42,0,100,451,1,2026-04-29 09:08:43,R_8JWLsfvI6sPhUo9,anonymous,EN,1,,1,45,1,1,1,5,9,1014,1,Off,Off,On,Off,Off,Off,Off,Off,Off,Off,2,"Facebook, Instagram",5,5,5,5,6,5,2,2,4,2,2,6,2,5,4,3,5,4,,3,2,2,3,3,2,3,69d79addde0ab35355a4a32769d79addde0ab35355a4a327,92.5,complete,,69d79addde0ab35355a4a327
2026-04-29 09:04:38,2026-04-29 09:08:56,0,100,258,1,2026-04-29 09:08:57,R_8Lne6Am93QBCNVF,anonymous,EN,1,,1,30,2,1,1,6,6,2806,2,Off,Off,Off,On,Off,Off,Off,Off,Off,Off,5,TikTok,6,3,3,4,4,2,2,3,5,2,3,4,3,4,5,4,5,4,,3,2,2,1,2,2,3,61117220763b5799f3ccbc2661117220763b5799f3ccbc26,100.5,complete,,61117220763b5799f3ccbc26
2026-04-29 09:04:11,2026-04-29 09:08:59,0,100,288,1,2026-04-29 09:09:00,R_2hRQQYOnMdOSYQK,anonymous,EN,1,,1,39,1,1,1,4,7,7412,1,Off,Off,Off,On,Off,Off,Off,Off,Off,Off,3,tiktok,3,3,3,5,3,2,1,1,2,2,2,6,3,7,6,6,6,5,,1,1,1,1,1,1,1,6595812395737f2d67c13d226595812395737f2d67c13d22,85.5,complete,,6595812395737f2d67c13d22
2026-04-29 09:02:49,2026-04-29 09:10:39,0,100,470,1,2026-04-29 09:10:40,R_8dlQfyQA8FjsFAD,anonymous,EN,1,,1,29,1,2,1,4,7,1014,1,Off,Off,Off,On,Off,Off,Off,Off,Off,Off,3,"Instagram, Tiktok",2,2,2,3,2,4,2,2,2,2,2,3,5,6,6,4,6,5,"Also for finding information, recepies etc",3,1,1,3,1,1,1,69c2bd324166695ab5d5040669c2bd324166695ab5d50406,100.5,complete,,69c2bd324166695ab5d50406
2026-04-29 09:06:06,2026-04-29 09:11:16,0,100,309,1,2026-04-29 09:11:16,R_22mdca11xWPRIbL,anonymous,EN,1,,1,31,2,1,1,6,9,2274,1,Off,Off,Off,Off,On,Off,Off,Off,Off,Off,3,"Instagram, LinkedIn and Facebook",3,3,3,3,3,3,2,3,3,3,3,3,3,3,5,3,5,4,,3,2,2,3,2,2,3,6546571a2570caaa0d2db83c,108.5,complete,,6546571a2570caaa0d2db83c
2026-04-29 09:05:21,2026-04-29 09:11:58,0,100,396,1,2026-04-29 09:11:58,R_2b2kvzyGNxh34JG,anonymous,EN,1,,1,40,1,1,1,5,10,2061,1,Off,Off,Off,Off,Off,On,Off,Off,Off,Off,2,Twitter,6,6,6,6,6,2,2,2,2,2,6,6,5,5,5,5,5,5,"I just use it to keep up to date with news, information about companies/projects etc.",3,2,2,3,2,2,3,69989c409451970e079dbbc869989c409451970e079dbbc8,80.5,complete,,69989c409451970e079dbbc8
2026-04-29 09:08:56,2026-04-29 09:12:30,0,100,213,1,2026-04-29 09:12:31,R_8nVpczg028mxLJ8,anonymous,EN,0.8999999761581421,,1,29,2,1,1,6,8,3552,1,Off,Off,Off,On,Off,Off,Off,Off,Off,Off,2,,3,2,2,4,3,5,5,5,3,4,2,4,5,3,5,4,5,3,,4,4,2,3,3,2,3,65959f14c61f611de029a5a665959f14c61f611de029a5a6,117.5,complete,,65959f14c61f611de029a5a6
2026-04-29 09:03:36,2026-04-29 09:12:35,0,100,538,1,2026-04-29 09:12:36,R_2XCQUFdOBcHFUqZ,anonymous,EN,1,,1,49,1,1,1,3,10,3207,1,Off,Off,Off,On,Off,Off,Off,Off,Off,Off,2,Reddit,6,6,6,6,5,5,3,2,2,2,6,6,6,6,3,4,6,5,,4,4,3,2,4,3,4,69b9becbe8a279206a0c6ea769b9becbe8a279206a0c6ea7,86.5,complete,,69b9becbe8a279206a0c6ea7
2026-04-29 09:08:50,2026-04-29 09:13:40,0,100,290,1,2026-04-29 09:13:41,R_8UW1869ECCdiYd0,anonymous,EN,1,,1,28,1,1,1,4,12,1211,1,Off,Off,Off,Off,Off,Off,Off,On,Off,Off,7,Youtube,5,6,6,7,7,6,2,1,1,1,3,1,1,1,4,3,3,5,,4,4,3,3,2,2,4,69ef4e80a45e545859efb90469ef4e80a45e545859efb904,102.5,complete,,69ef4e80a45e545859efb904
2026-04-29 09:07:25,2026-04-29 09:14:38,0,100,432,1,2026-04-29 09:14:38,R_8ElQE7gGLTW3KFx,anonymous,EN,1,,1,31,2,1,4,6,12,7523,1,Off,Off,Off,Off,Off,On,Off,Off,Off,Off,3,"Instagram, Facebook, Youtube",3,2,2,3,2,1,1,2,1,1,2,3,3,6,6,4,5,6,Just to sit and relax.,1,1,1,1,2,1,2,69efac75cf6aa41869e3b1fc,103.5,complete,,69efac75cf6aa41869e3b1fc
2026-04-29 09:06:57,2026-04-29 09:14:51,0,100,473,1,2026-04-29 09:14:51,R_8qUKi0ehQfTPxyV,anonymous,EN,1,,1,27,2,2,4,6,1,6708,1,Off,Off,Off,Off,On,Off,Off,Off,Off,Off,3,Instagram and LinkedIn,3,3,5,4,3,1,1,1,1,1,2,4,4,4,6,6,6,3,"I use LinkedIn for my internship, to find relevant opportunities for my organization and network with people who could help us.",3,2,1,1,2,2,2,69f085d191473ba44bd9a8ea,90.5,complete,,69f085d191473ba44bd9a8ea
2026-04-29 09:10:22,2026-04-29 09:15:35,0,100,313,1,2026-04-29 09:15:35,R_8ezvhHWg93We9ff,anonymous,EN,0.8999999761581421,,1,24,1,1,4,2,2,2021,1,Off,Off,Off,Off,On,Off,Off,Off,Off,Off,4,youtube,6,5,6,3,5,2,2,2,1,2,1,6,7,7,5,6,5,7,,1,2,1,1,1,1,2,6924a033623db444abaa37f86924a033623db444abaa37f8,74.5,complete,,6924a033623db444abaa37f8
2026-04-29 09:11:03,2026-04-29 09:15:56,0,100,292,1,2026-04-29 09:15:56,R_2lLBLNPblUkLf2p,anonymous,EN,0.8999999761581421,,1,24,2,2,4,5,2,2611,1,Off,Off,Off,Off,Off,Off,On,Off,Off,Off,4,,4,3,3,4,3,2,2,3,3,2,3,3,3,3,5,5,5,4,,2,2,2,2,2,2,2,695ffc6b20169a5a50ceabdd695ffc6b20169a5a50ceabdd,100.5,complete,,695ffc6b20169a5a50ceabdd
2026-04-29 09:12:49,2026-04-29 09:16:09,0,100,199,1,2026-04-29 09:16:09,R_2lFw5GJss2s2TLu,anonymous,EN,1,,1,28,1,1,2,5,8,9752,1,Off,Off,On,Off,Off,Off,Off,Off,Off,Off,4,,6,6,6,6,6,2,2,2,2,2,6,6,6,6,2,2,2,2,,1,1,1,1,1,1,1,69c65090bddfbcdc2951b03169c65090bddfbcdc2951b031,57.5,complete,,69c65090bddfbcdc2951b031
2026-04-29 09:07:31,2026-04-29 09:16:47,0,100,555,1,2026-04-29 09:16:47,R_2sChTw0USd1Xmh3,anonymous,EN,0.20000000298023224,,1,26,2,1,4,6,2,1107,1,Off,Off,Off,Off,Off,On,Off,Off,Off,Off,3,tictok,2,2,2,3,3,2,2,3,4,6,4,3,5,5,6,5,6,5,,3,2,2,2,3,2,3,69e93d19fa7d56043f8f6af969e93d19fa7d56043f8f6af9,110.5,complete,,69e93d19fa7d56043f8f6af9
2026-04-29 09:12:02,2026-04-29 09:16:49,0,100,286,1,2026-04-29 09:16:50,R_87NWjHqLSRZ7O9N,anonymous,EN,1,,1,29,1,1,1,4,8,2012,1,Off,Off,Off,On,Off,Off,Off,Off,Off,Off,4,YouTube,3,5,4,5,4,2,2,2,3,1,5,3,3,5,3,2,3,2,,1,2,1,1,2,1,2,696cff79f1ff7c6a5c1ad85a696cff79f1ff7c6a5c1ad85a,77.5,complete,,696cff79f1ff7c6a5c1ad85a
2026-04-29 09:11:13,2026-04-29 09:18:07,0,100,414,1,2026-04-29 09:18:07,R_21G4wMmFkVuW4kO,anonymous,EN,1,,1,20,2,1,3,3,1,3063,1,Off,Off,Off,On,Off,Off,Off,Off,Off,Off,2,"Instagram, LinkedIn ",4,3,3,4,3,5,3,3,5,5,3,3,2,4,5,3,4,3,,2,2,2,3,2,2,3,69e8a5a5285676235d281d8769e8a5a5285676235d281d87,100.5,complete,,69e8a5a5285676235d281d87
2026-04-29 09:14:05,2026-04-29 09:20:53,0,100,407,1,2026-04-29 09:20:53,R_2Nzvps5dOblgzU5,anonymous,EN,1,,1,28,2,1,1,6,8,2051,1,Off,Off,Off,Off,On,Off,Off,Off,Off,Off,3,Tiktok,4,5,1,1,1,4,1,1,1,1,4,6,6,6,6,4,5,4,"Entertainment. I also use Tiktok to find new tips or experiences people show me ",2,1,1,1,2,1,3,6966651c820577bfacf44ea26966651c820577bfacf44ea2,90.5,complete,,6966651c820577bfacf44ea2
2026-04-29 09:16:56,2026-04-29 09:21:02,0,100,245,1,2026-04-29 09:21:02,R_2xB7EbAVdhaefex,anonymous,EN,1,,1,19,2,1,1,3,2,5014,1,Off,Off,Off,On,Off,Off,Off,Off,Off,Off,5,Tiktok and Instagram,2,2,2,3,4,5,2,2,2,1,3,1,1,1,4,2,4,3,,4,4,3,3,2,2,3,69e74e3b8771538665c48a8269e74e3b8771538665c48a82,106.5,complete,,69e74e3b8771538665c48a82
2026-04-29 09:16:51,2026-04-29 09:21:04,0,100,253,1,2026-04-29 09:21:05,R_2KBARHpV8FQrEOe,anonymous,EN,1,,1,45,1,1,1,6,11,5706,1,Off,Off,On,Off,Off,Off,Off,Off,Off,Off,2,"LinkedIn, Facebook",2,3,4,5,3,4,2,2,2,2,4,6,6,6,4,4,5,4,,1,1,1,1,1,1,1,69c382d4312de09a1022d00869c382d4312de09a1022d008,84.5,complete,,69c382d4312de09a1022d008
2026-04-29 09:08:34,2026-04-29 09:21:36,0,100,781,1,2026-04-29 09:21:36,R_2fkruk51PJ954NV,anonymous,EN,1,,1,28,1,1,1,5,7,7121,1,Off,Off,Off,Off,On,Off,Off,Off,Off,Off,2,Youtube,4,3,3,4,4,3,2,2,2,2,3,3,5,3,3,5,5,4,,2,1,1,2,2,1,3,6992efa3ad9328a0f6080256,90.5,complete,,6992efa3ad9328a0f6080256
2026-04-29 09:15:56,2026-04-29 09:22:27,0,100,391,1,2026-04-29 09:22:27,R_2Xcl0UbLchjAQQd,anonymous,EN,0.8999999761581421,,1,41,1,1,1,6,8,1071,1,Off,Off,Off,On,Off,Off,Off,Off,Off,Off,3,"YouTube, Instagram, Facebook",4,3,5,3,3,5,3,3,3,3,4,5,5,5,2,2,5,5,I use it for gym exercises too,2,2,2,2,2,2,4,69ef8278681de46b7257d85169ef8278681de46b7257d851,95.5,complete,,69ef8278681de46b7257d851
2026-04-29 09:16:46,2026-04-29 09:22:30,0,100,343,1,2026-04-29 09:22:30,R_8Hx5JEoBeoSDZ1T,anonymous,EN,0.800000011920929,,1,19,1,1,4,3,3,6709,1,Off,Off,Off,Off,On,Off,Off,Off,Off,Off,4,"Youtube, Instagram ",3,3,4,4,4,3,2,2,4,2,4,3,4,3,4,3,3,4,,3,2,1,2,1,1,1,6687f3f2619ed917c49309af6687f3f2619ed917c49309af,87.5,complete,,6687f3f2619ed917c49309af
2026-04-29 09:15:05,2026-04-29 09:23:24,0,100,499,1,2026-04-29 09:23:24,R_8rAZ6w0xFCMwLx2,anonymous,EN,1,,1,48,2,1,3,5,8,5156,1,Off,Off,Off,On,Off,Off,Off,Off,Off,Off,5,instagram,6,4,6,6,4,2,2,2,2,2,4,4,6,6,4,5,4,5,"just for fun, keeping up with what is happening",1,1,1,1,1,1,1,5edbebde745ec909fde41a7e5edbebde745ec909fde41a7e,78.5,complete,,5edbebde745ec909fde41a7e
2026-04-29 09:01:05,2026-04-29 09:23:26,0,100,1341,1,2026-04-29 09:23:27,R_2zeYdLDTDp4g4FE,anonymous,EN,0.20000000298023224,,1,35,1,1,1,5,9,3905,1,Off,Off,On,Off,Off,Off,Off,Off,Off,Off,3,reddit,3,4,4,6,4,2,2,3,5,2,3,5,6,7,4,5,5,3,,1,1,1,1,2,1,1,69c65431a04b2d58481c4d9f69c65431a04b2d58481c4d9f,82.5,complete,,69c65431a04b2d58481c4d9f
2026-04-29 09:17:54,2026-04-29 09:25:36,0,100,461,1,2026-04-29 09:25:36,R_87IuuyX72Y0xsaZ,anonymous,EN,1,,1,52,2,2,5,6,9,6701,1,Off,Off,On,Off,Off,Off,Off,Off,Off,Off,3,"instagram , X ",1,1,7,2,1,1,2,1,1,1,1,2,7,7,7,7,7,7,"I use to improve my linkedin, my skin health and learning feminine energy from a influencer taht i love! I like social media so much and I enjoy it. ",3,1,1,1,1,1,1,6932f68e152161279d862f006932f68e152161279d862f00,106.5,complete,,6932f68e152161279d862f00
2026-04-29 09:21:59,2026-04-29 09:27:58,0,100,359,1,2026-04-29 09:27:58,R_2lVN3qkycd5x3Dq,anonymous,EN,1,,1,42,2,1,1,4,3,1076,1,Off,Off,Off,Off,Off,On,Off,Off,Off,Off,2,Facebook,3,3,3,5,5,2,2,1,1,1,3,3,5,6,6,5,6,6,,1,1,1,1,1,1,2,69a49152425e827fbd07a04769a49152425e827fbd07a047,80.5,complete,,69a49152425e827fbd07a047
2026-04-29 09:23:05,2026-04-29 09:28:06,0,100,301,1,2026-04-29 09:28:07,R_2waWLK4jdkBmYN5,anonymous,EN,1,,1,28,2,1,4,6,7,8226,1,Off,Off,Off,Off,Off,On,Off,Off,Off,Off,5,Tiktok,3,3,3,4,5,1,1,1,1,1,3,3,3,5,3,3,5,3,,3,2,2,3,3,3,3,6659ffab0fcf6d77105fe2206659ffab0fcf6d77105fe220,96.5,complete,,6659ffab0fcf6d77105fe220
2026-04-29 09:26:15,2026-04-29 09:29:17,0,100,181,1,2026-04-29 09:29:17,R_2LkunVYyrFndC3J,anonymous,EN,1,,1,35,1,1,1,5,8,4012,1,Off,Off,Off,On,Off,Off,Off,Off,Off,Off,5,X,3,5,2,6,4,1,1,1,5,2,1,1,1,1,2,2,5,5,,1,1,1,1,1,1,1,6992edac511e91118a3291726992edac511e91118a329172,93.5,complete,,6992edac511e91118a329172
2026-04-29 09:21:18,2026-04-29 09:29:17,0,100,478,1,2026-04-29 09:29:17,R_8Qmb1Yk3DfNmYAP,anonymous,EN,0.8999999761581421,,1,33,2,1,1,6,7,9724,1,Off,Off,Off,Off,Off,On,Off,Off,Off,Off,2,"instagram, youtube",2,2,3,5,6,3,2,3,3,1,5,5,3,5,3,2,5,5,,2,2,3,2,2,1,1,66a5e349e3e5dc31b47ef2a966a5e349e3e5dc31b47ef2a9,88.5,complete,,66a5e349e3e5dc31b47ef2a9
2026-04-29 09:21:40,2026-04-29 09:29:55,0,100,494,1,2026-04-29 09:29:55,R_8WuKn7eKULkI2Ss,anonymous,EN,0.699999988079071,,1,26,2,1,4,4,1,4812,1,Off,Off,Off,Off,Off,On,Off,Off,Off,Off,3,"Used to be tiktok, now I tried to move away from it. Currently most used is YouTube ",7,6,6,5,7,1,1,1,1,1,2,6,1,3,7,7,7,5,"I mostly use it for entertainment, inspiration or improving my mood. ",4,2,2,1,3,1,4,6929ae1dc40a3c96088f3c1b6929ae1dc40a3c96088f3c1b,85.5,complete,,6929ae1dc40a3c96088f3c1b
2026-04-29 09:29:11,2026-04-29 09:33:38,0,100,267,1,2026-04-29 09:33:39,R_8Ad7Rlh3yccm0cp,anonymous,EN,1,,1,33,2,1,1,4,9,7232,1,Off,Off,Off,Off,On,Off,Off,Off,Off,Off,2,instagram,6,4,7,5,5,7,5,5,5,4,1,1,1,1,1,2,2,2,,3,4,4,4,3,3,3,664a3e253b2ce7fd07074af6664a3e253b2ce7fd07074af6,110.5,complete,,664a3e253b2ce7fd07074af6
2026-04-29 09:27:55,2026-04-29 09:34:39,0,100,404,1,2026-04-29 09:34:40,R_2Y5PjffLUazU0mQ,anonymous,EN,1,,1,32,2,1,1,2,4,1025,2,Off,Off,Off,Off,On,Off,Off,Off,Off,Off,1,reddit,3,3,3,3,3,6,3,3,3,3,5,2,2,2,5,3,5,3,,4,3,4,4,3,3,4,5e9822c4f1bb6701695321225e9822c4f1bb670169532122,111,complete,,5e9822c4f1bb670169532122
2026-04-29 09:32:13,2026-04-29 09:36:32,0,100,259,1,2026-04-29 09:36:32,R_872I6FcxCzDg3bj,anonymous,EN,1,,1,54,2,1,1,5,9,1077,1,Off,Off,Off,On,Off,Off,Off,Off,Off,Off,3,Instagram / threads (equal),2,2,3,4,3,3,1,3,1,2,5,5,4,4,5,5,6,6,,2,2,1,2,2,2,2,6999db724ba6d4801fd787bd6999db724ba6d4801fd787bd,99.5,complete,,6999db724ba6d4801fd787bd
2026-04-29 09:27:48,2026-04-29 09:37:07,0,100,558,1,2026-04-29 09:37:07,R_2q8UGfjKN4EirUN,anonymous,EN,1,,1,39,1,1,4,6,7,2333,1,Off,Off,Off,Off,On,Off,Off,Off,Off,Off,4,Twitter,3,4,2,3,4,3,2,3,2,4,4,5,6,5,6,4,6,4,,3,3,3,2,1,2,2,69aea3c5c2d0d993b8ba1fd269aea3c5c2d0d993b8ba1fd2,102.5,complete,,69aea3c5c2d0d993b8ba1fd2
2026-04-29 09:28:56,2026-04-29 09:38:05,0,100,549,1,2026-04-29 09:38:06,R_2kYDkXVL8djDHcB,anonymous,EN,1,,1,29,2,2,4,6,1,6226,2,Off,Off,Off,Off,On,Off,Off,Off,Off,Off,7,rednotes,7,7,7,7,7,7,7,7,7,7,5,2,6,6,7,5,6,3,,1,2,3,2,2,1,2,6965628c15ba5dc6bc825df66965628c15ba5dc6bc825df6,103.5,complete,,6965628c15ba5dc6bc825df6
2026-04-29 09:30:33,2026-04-29 09:39:41,0,100,547,1,2026-04-29 09:39:41,R_8HymCdRfNvplKcF,anonymous,EN,1,,1,29,2,1,1,6,10,5622,1,Off,On,Off,Off,Off,Off,Off,Off,Off,Off,3,"Tiktok, instagram, snapchat, sometimes linkedin or pinterest",2,3,2,4,3,1,1,1,3,2,2,5,6,7,4,3,5,4,"It's fun, entertainment. And I like to see what happens in the lives of my friends",2,1,1,1,1,1,1,6969fb3ec6941c33336b65d36969fb3ec6941c33336b65d3,86.5,complete,,6969fb3ec6941c33336b65d3
2026-04-29 09:31:37,2026-04-29 09:40:00,0,100,503,1,2026-04-29 09:40:01,R_84Cq4lqL0klBHsE,anonymous,EN,1,,1,27,2,1,1,5,5,7522,1,Off,Off,Off,Off,On,Off,Off,Off,Off,Off,7,Instagram,4,3,3,4,4,2,1,1,2,1,4,3,3,2,3,3,3,3,,3,3,3,3,2,2,3,65aa875386052c9fb9655d6f65aa875386052c9fb9655d6f,94.5,complete,,65aa875386052c9fb9655d6f
2026-04-29 09:32:28,2026-04-29 09:42:32,0,100,604,1,2026-04-29 09:42:33,R_8NN2XqB0f4Bmyd3,anonymous,EN,0.800000011920929,,1,24,1,1,2,4,1,5976,1,Off,Off,On,Off,Off,Off,Off,Off,Off,Off,5,"X twitter, youtube",2,2,2,2,2,3,1,1,1,1,2,3,1,3,7,4,5,6,,3,1,3,2,2,2,2,69edb1ed8cf454a4c6c7b4a8,104.5,complete,,69edb1ed8cf454a4c6c7b4a8
2026-04-29 21:56:06,2026-04-29 22:02:21,0,100,375,1,2026-04-29 22:02:22,R_8kUr7Q5mOq17l2d,anonymous,EN,1,,1,27,4,1,1,5,1,1817,1,Off,Off,Off,Off,On,Off,Off,Off,Off,Off,3,Instagram and Youtube,5,3,6,5,6,2,2,4,4,1,3,1,1,2,4,3,4,1,,3,3,2,4,3,2,4,69930e99e76889aa3b948b1869930e99e76889aa3b948b18,94.5,complete,,69930e99e76889aa3b948b18
2026-04-30 10:38:25,2026-04-30 10:45:45,0,100,439,1,2026-04-30 10:45:46,R_2Am1A7qjECCmM5H,anonymous,EN,1,,1,19,2,1,3,3,1,2516,1,Off,Off,Off,Off,Off,On,Off,Off,Off,Off,7,youtube,3,3,3,3,3,2,2,2,3,5,4,3,3,3,5,4,4,4,,3,3,4,3,1,1,3,697a489eafb5ec51e207065b697a489eafb5ec51e207065b,103.5,complete,,697a489eafb5ec51e207065b
2026-04-30 15:33:51,2026-04-30 15:39:25,0,100,333,1,2026-04-30 15:39:25,R_8eQHjzBhAWXS1dw,anonymous,EN,1,,1,23,1,1,1,2,3,7552,1,Off,Off,Off,Off,Off,On,Off,Off,Off,Off,4,"Twitter/X, tiktok",3,3,3,4,3,3,2,2,2,2,6,3,6,6,5,5,5,4,As a general distraction when bored,3,3,1,3,3,2,3,6310ac306be4848c5144944a6310ac306be4848c5144944a,88.5,complete,,6310ac306be4848c5144944a
2026-05-01 18:49:59,2026-05-01 18:57:29,0,100,449,1,2026-05-01 18:57:29,R_8cCmGmXt09y8lut,anonymous,EN,1,,1,19,2,1,1,1,13,2352,1,Off,Off,Off,Off,On,Off,Off,Off,Off,Off,7,Youtube,3,5,6,5,5,4,2,2,5,3,7,7,3,2,3,2,5,2,,3,2,2,2,3,1,3,69ca93b861a695b1c1eec10669ca93b861a695b1c1eec106,91.5,complete,,69ca93b861a695b1c1eec106
2026-05-02 09:00:48,2026-05-02 09:05:32,0,100,284,1,2026-05-02 09:05:33,R_2flPSFvKChBfPKo,anonymous,EN,1,,1,19,2,2,4,3,12,9747,1,Off,Off,Off,Off,Off,On,Off,Off,Off,Off,5,Instagram,2,5,5,2,3,3,3,5,3,5,3,2,2,3,3,5,5,3,,3,2,3,2,2,2,3,69f23b98fd1a7c3396255c4869f23b98fd1a7c3396255c48,118.5,complete,,69f23b98fd1a7c3396255c48
2026-05-02 09:01:28,2026-05-02 09:05:38,0,100,249,1,2026-05-02 09:05:38,R_2rxiYoFVvGzFlhM,anonymous,EN,1,,1,32,1,1,1,3,6,3911,1,Off,Off,Off,Off,Off,Off,On,Off,Off,Off,2,Instagram,5,4,5,5,5,3,3,2,5,3,5,5,3,5,5,5,6,6,,2,2,2,2,2,1,2,69c6760b40df815319f7a98669c6760b40df815319f7a986,88.5,complete,,69c6760b40df815319f7a986
2026-05-02 09:03:49,2026-05-02 09:08:19,0,100,269,1,2026-05-02 09:08:19,R_8i5chOcI0ooohax,anonymous,EN,1,,1,30,1,1,1,4,8,7843,1,Off,Off,Off,Off,On,Off,Off,Off,Off,Off,3,"Facebook, linkedin",2,2,2,2,2,4,2,2,6,3,2,2,3,2,6,6,6,6,,2,2,1,1,2,1,1,697ddc138e3cc212069d373a697ddc138e3cc212069d373a,115.5,complete,,697ddc138e3cc212069d373a
2026-05-02 09:03:17,2026-05-02 09:08:39,0,100,321,1,2026-05-02 09:08:39,R_8j5w7K9lfQjow3D,anonymous,EN,1,,1,36,1,1,1,3,6,4205,1,Off,Off,Off,Off,On,Off,Off,Off,Off,Off,2,Youtube,6,2,2,6,6,7,1,5,7,3,7,7,3,7,1,1,5,1,,1,1,1,1,2,1,2,69ca8cb75a660bf077dd122269ca8cb75a660bf077dd1222,73.5,complete,,69ca8cb75a660bf077dd1222
2026-05-02 09:02:35,2026-05-02 09:09:14,0,100,399,1,2026-05-02 09:09:15,R_2dRNyKbXyqNrgZ0,anonymous,EN,1,,1,66,1,1,1,5,5,9501,1,Off,Off,Off,Off,On,Off,Off,Off,Off,Off,4,facebook,3,4,4,3,4,5,3,4,6,5,6,5,4,4,5,4,3,3,looking for art from other artist to compare with myself,3,2,3,2,3,3,3,5b168dc1dbae3e00017e60c65b168dc1dbae3e00017e60c6,102.5,complete,,5b168dc1dbae3e00017e60c6
2026-05-02 09:02:25,2026-05-02 09:09:29,0,100,424,1,2026-05-02 09:09:31,R_2pRPV2lNR4inTRT,anonymous,EN,1,,1,20,1,2,4,3,12,2332,1,Off,Off,Off,Off,On,Off,Off,Off,Off,Off,5,"Instagram ",2,2,2,2,2,2,1,2,3,2,2,1,2,2,5,4,6,5,,3,2,1,1,3,1,3,69e79237732a117c9d52cea369e79237732a117c9d52cea3,119.5,complete,,69e79237732a117c9d52cea3
2026-05-02 09:03:16,2026-05-02 09:09:48,0,100,392,1,2026-05-02 09:09:48,R_87wCOGIQ2l9RDXT,anonymous,EN,1,,1,21,2,1,4,3,1,3075,2,Off,Off,Off,On,Off,Off,Off,Off,Off,Off,3,tiktok and instagram,1,3,4,4,4,1,1,1,4,2,5,3,2,3,3,2,2,3,,1,1,1,1,1,1,3,69f365394906a18965b371c069f365394906a18965b371c0,79.5,complete,,69f365394906a18965b371c0
2026-05-02 09:01:06,2026-05-02 09:10:46,0,100,579,1,2026-05-02 09:10:46,R_8B8NtIgTdVL1Lbw,anonymous,EN,1,,1,41,1,1,3,3,13,6916,1,Off,Off,On,Off,Off,Off,Off,Off,Off,Off,5,YouTube X TikTok,3,2,2,5,7,4,2,4,7,3,2,2,3,4,6,6,7,6,Mostly for information gathering. And entertainment.,2,2,1,2,2,2,2,69d935ff8a401c6e250a1c5a69d935ff8a401c6e250a1c5a,119.5,complete,,69d935ff8a401c6e250a1c5a
2026-05-02 09:07:51,2026-05-02 09:12:36,0,100,284,1,2026-05-02 09:12:36,R_8kRZbPFa2ARIVaF,anonymous,EN,1,,1,39,1,1,1,5,8,5505,1,Off,Off,Off,On,Off,Off,Off,Off,Off,Off,4,"YouTube ",6,6,4,6,5,1,1,1,1,1,4,6,7,7,3,4,5,4,"I use YouTube for education ",1,1,1,1,1,1,1,6952dfd747efd6d8555144ec6952dfd747efd6d8555144ec,62.5,complete,,6952dfd747efd6d8555144ec
2026-05-02 09:05:22,2026-05-02 09:12:54,0,100,452,1,2026-05-02 09:12:55,R_21qipv9bjSmJnUJ,anonymous,EN,1,,1,28,1,1,2,5,6,3522,1,Off,Off,Off,Off,Off,On,Off,Off,Off,Off,4,Instagram en YouTube,2,2,3,4,3,2,2,2,5,3,3,3,3,6,6,6,5,5,"Afleiding en om mezelf bezig te houden ",1,1,1,1,1,1,1,69c6537a19083732c907495569c6537a19083732c9074955,98.5,complete,,69c6537a19083732c9074955
2026-05-02 09:02:43,2026-05-02 09:13:37,0,100,654,1,2026-05-02 09:13:38,R_2E4qyZLsgB3RqKe,anonymous,EN,1,,1,57,1,1,1,4,9,4871,1,Off,Off,Off,On,Off,Off,Off,Off,Off,Off,5,instagram,5,4,4,3,4,2,2,2,2,2,5,5,5,6,5,5,5,6,no,2,2,2,2,2,2,2,69c2d69915b0ae0f3a9ec47969c2d69915b0ae0f3a9ec479,90.5,complete,,69c2d69915b0ae0f3a9ec479
2026-05-02 09:11:22,2026-05-02 09:19:51,0,100,509,1,2026-05-02 09:19:52,R_8WNf4Y6YbqsOt1w,anonymous,EN,1,,1,44,2,1,1,5,9,6706,1,Off,Off,Off,On,Off,Off,Off,Off,Off,Off,2,X and YouTube,6,6,6,6,6,4,2,2,2,2,4,4,3,4,3,3,3,3,"I use YouTube mostly for entertainment and tutorials, and I use X to read news and comments from the people I follow, and also for entertainment (short animal clips)",3,3,3,3,2,2,3,654cebe7999b0f3681e1d916654cebe7999b0f3681e1d916,83.5,complete,,654cebe7999b0f3681e1d916
2026-05-02 09:16:23,2026-05-02 09:20:17,0,100,233,1,2026-05-02 09:20:17,R_82MixNtRQpg8lpp,anonymous,EN,1,,1,36,1,1,1,6,9,8012,1,Off,Off,Off,Off,On,Off,Off,Off,Off,Off,2,Reddit,2,4,4,5,5,4,3,4,3,3,4,3,5,5,4,4,3,3,To stay updated about music,2,1,1,2,1,1,2,69c2bbf5bdb74f90cd8c73e369c2bbf5bdb74f90cd8c73e3,89.5,complete,,69c2bbf5bdb74f90cd8c73e3
2026-05-02 09:09:34,2026-05-02 09:21:58,0,100,744,1,2026-05-02 09:21:59,R_8R8bG0i8yYgTah3,anonymous,EN,1,,1,40,2,1,4,5,13,2553,1,Off,Off,Off,Off,On,Off,Off,Off,Off,Off,2,"YouTube, instagram ",6,6,7,7,7,1,1,1,1,1,6,6,5,7,5,5,5,6,Entertainment,1,1,1,1,1,1,1,69d8c0b57598af78eb63225f69d8c0b57598af78eb63225f,68.5,complete,,69d8c0b57598af78eb63225f
2026-05-02 09:16:53,2026-05-02 09:22:03,0,100,309,1,2026-05-02 09:22:03,R_8qFNSXfkouKd0IN,anonymous,EN,1,,1,27,1,1,1,6,5,8103,1,Off,Off,Off,On,Off,Off,Off,Off,Off,Off,3,"Youtube, linkedIn and Snapchat",5,6,5,6,6,6,3,5,5,3,3,5,3,3,2,2,2,2,,3,3,3,3,4,3,3,69c8f6ae777c1ce213e4914c69c8f6ae777c1ce213e4914c,92.5,complete,,69c8f6ae777c1ce213e4914c
2026-05-02 09:17:59,2026-05-02 09:23:21,0,100,321,1,2026-05-02 09:23:21,R_2mDfBGSA05Jw3uh,anonymous,EN,1,,1,20,1,1,1,3,4,3906,1,Off,Off,On,Off,Off,Off,Off,Off,Off,Off,6,youtube,3,2,2,3,4,2,1,1,1,1,5,5,6,6,4,3,5,4,,3,3,2,3,3,2,2,696662a4a90bda6bbca26744696662a4a90bda6bbca26744,85.5,complete,,696662a4a90bda6bbca26744
2026-05-02 09:14:11,2026-05-02 09:24:13,0,100,602,1,2026-05-02 09:24:14,R_8DeISHOZJuNWjCc,anonymous,EN,1,,1,33,1,1,1,6,11,1011,1,Off,On,Off,Off,Off,Off,Off,Off,Off,Off,3,"Instagram ",2,3,3,2,2,6,3,3,5,5,1,1,6,7,1,1,1,1,,1,1,1,1,1,1,1,699c7cc363469af93ff0483a699c7cc363469af93ff0483a,94.5,complete,,699c7cc363469af93ff0483a
2026-05-02 09:23:51,2026-05-02 09:28:09,0,100,257,1,2026-05-02 09:28:09,R_81NNe29ORUyr37a,anonymous,EN,0.8999999761581421,,1,36,1,1,1,6,9,7328,1,Off,Off,Off,On,Off,Off,Off,Off,Off,Off,2,Youtube,3,4,4,3,3,2,2,2,3,2,3,3,3,3,5,4,4,4,Get ideas that I can implement in my life.,1,1,3,2,2,2,2,6967761536ba143d0d613a366967761536ba143d0d613a36,97.5,complete,,6967761536ba143d0d613a36
2026-05-02 09:23:10,2026-05-02 09:28:10,0,100,300,1,2026-05-02 09:28:11,R_2Fzu77GljyN9Alz,anonymous,EN,1,,1,21,2,1,2,3,1,5461,1,Off,Off,Off,On,Off,Off,Off,Off,Off,Off,4,Instagram,6,3,3,6,3,2,1,2,2,2,3,3,2,2,2,2,2,4,,3,3,3,3,4,3,4,699f3c385ae3082f83581dda699f3c385ae3082f83581dda,89.5,complete,,699f3c385ae3082f83581dda
2026-05-02 09:22:17,2026-05-02 09:28:30,0,100,372,1,2026-05-02 09:28:30,R_2MrqL8MgTZUMDqM,anonymous,EN,1,,1,44,3,1,4,5,10,1017,1,Off,Off,Off,Off,On,Off,Off,Off,Off,Off,4,Youtube,3,5,5,4,3,5,4,5,5,3,3,2,3,2,5,4,5,3,"Sometimes learning, sometimes just increase dopamin my brain whatever aesthetic things i like yo observe",3,2,3,4,3,2,4,5dea40ce11744715c8ea28555dea40ce11744715c8ea2855,122.5,complete,,5dea40ce11744715c8ea2855
2026-05-02 09:23:54,2026-05-02 09:29:26,0,100,331,1,2026-05-02 09:29:27,R_2jkbBAEGBi8gr2K,anonymous,EN,1,,1,35,1,1,1,6,9,3135,1,Off,Off,Off,On,Off,Off,Off,Off,Off,Off,3,"YouTube, Reddit ",3,4,3,5,4,3,2,2,3,3,4,5,5,5,3,3,4,3,"Inform myself on new interests/hobbys. ",2,1,1,1,1,1,2,69666d71b79a0ed8cc3ab0df69666d71b79a0ed8cc3ab0df,83.5,complete,,69666d71b79a0ed8cc3ab0df
2026-05-02 09:25:05,2026-05-02 09:30:07,0,100,302,1,2026-05-02 09:30:07,R_8xzAEawwqC8n1tG,anonymous,EN,1,,1,22,1,1,1,6,2,6708,1,Off,Off,Off,Off,Off,Off,On,Off,Off,Off,6,Instagram,3,3,3,5,4,5,5,4,6,5,2,2,2,5,5,5,5,6,,3,2,1,1,1,1,3,69d514f13065c32206b27ee369d514f13065c32206b27ee3,111.5,complete,,69d514f13065c32206b27ee3
2026-05-02 09:26:28,2026-05-02 09:30:19,0,100,231,1,2026-05-02 09:30:20,R_2hF3AvCmRybuGzb,anonymous,EN,1,,1,36,1,1,1,6,10,5583,1,Off,On,Off,Off,Off,Off,Off,Off,Off,Off,2,"Reddit ",7,7,7,7,7,6,1,1,2,1,7,6,6,6,4,4,4,4,,1,1,1,1,1,1,1,66a1195f887e7fcc2cb18ec066a1195f887e7fcc2cb18ec0,60.5,complete,,66a1195f887e7fcc2cb18ec0
2026-05-02 09:25:00,2026-05-02 09:31:16,0,100,375,1,2026-05-02 09:31:17,R_2jZF0PQNQmuo9Dc,anonymous,EN,1,,1,27,1,1,1,6,7,6247,1,Off,Off,Off,Off,On,Off,Off,Off,Off,Off,2,Whatsapp,2,3,3,3,3,5,5,3,6,5,4,3,2,3,5,4,6,5,,3,2,3,3,3,2,3,65a3ec77f674ac3e98f0c6ac65a3ec77f674ac3e98f0c6ac,120.5,complete,,65a3ec77f674ac3e98f0c6ac
2026-05-02 09:21:36,2026-05-02 09:32:09,0,100,633,1,2026-05-02 09:32:10,R_2y61keo9cwDpjS9,anonymous,EN,1,,1,38,1,1,1,6,10,3071,1,Off,Off,On,Off,Off,Off,Off,Off,Off,Off,4,"Youtube, Instagram, Strava",2,3,2,3,3,1,1,1,1,1,5,4,6,3,3,5,6,6,"I also use social media for more practical reasons: finding inspiration for holidays, hikes, citytrips, etc. ",3,2,1,2,2,1,2,697a4a9344c231fdc25fdca1697a4a9344c231fdc25fdca1,95.5,complete,,697a4a9344c231fdc25fdca1
2026-05-02 09:29:12,2026-05-02 09:35:06,0,100,354,1,2026-05-02 09:35:07,R_2wboXHzO7u8fcYB,anonymous,EN,1,,1,27,1,1,1,3,7,1435,1,Off,Off,Off,On,Off,Off,Off,Off,Off,Off,3,Reddit and Instagram,3,4,5,5,6,6,3,4,5,4,3,5,5,5,5,6,6,5,,3,3,2,2,3,2,3,69a28535b972226f885ccc8469a28535b972226f885ccc84,102.5,complete,,69a28535b972226f885ccc84
2026-05-02 09:32:27,2026-05-02 09:35:33,0,100,185,1,2026-05-02 09:35:33,R_2FPPFXiYw9jxsBz,anonymous,EN,1,,1,37,2,1,1,6,5,7218,1,Off,Off,Off,On,Off,Off,Off,Off,Off,Off,3,Instagram,6,6,4,6,5,2,2,2,2,2,2,2,2,2,6,3,6,6,,2,2,2,2,2,2,2,69a4027eca35415994d514c269a4027eca35415994d514c2,93.5,complete,,69a4027eca35415994d514c2
2026-05-02 09:35:22,2026-05-02 09:38:51,0,100,209,1,2026-05-02 09:38:51,R_2C9XP1k54CjeNdD,anonymous,EN,1,,1,35,2,1,3,5,9,5233,1,Off,Off,On,Off,Off,Off,Off,Off,Off,Off,4,Facebook and instagram,3,7,6,7,7,2,1,1,1,1,4,2,2,2,6,5,5,4,,1,1,2,1,1,1,1,671d58d9c6f5d2e81501eed8671d58d9c6f5d2e81501eed8,83.5,complete,,671d58d9c6f5d2e81501eed8
2026-05-02 09:30:49,2026-05-02 09:39:02,0,100,493,1,2026-05-02 09:39:03,R_8tep55FWQysw0W5,anonymous,EN,1,,1,34,2,1,4,4,8,2012,1,Off,Off,Off,Off,Off,Off,On,Off,Off,Off,5,Tiktok,3,2,3,3,3,4,2,2,2,2,2,2,2,2,5,5,6,5,,4,2,2,2,3,3,3,69f452ba0e32ea1ddce93a7d69f452ba0e32ea1ddce93a7d,119.5,complete,,69f452ba0e32ea1ddce93a7d
2026-05-02 09:34:08,2026-05-02 09:39:17,0,100,309,1,2026-05-02 09:39:18,R_8BQ2OEmgM0HQq0p,anonymous,EN,0.699999988079071,,1,25,2,1,1,6,7,3772,1,Off,Off,Off,Off,On,Off,Off,Off,Off,Off,4,Youtube,4,3,2,5,4,5,3,3,3,2,5,3,5,5,3,3,5,3,,2,1,1,2,1,1,2,5e4528f3e7a9e1000d62396b5e4528f3e7a9e1000d62396b,90.5,complete,,5e4528f3e7a9e1000d62396b
2026-05-02 09:33:56,2026-05-02 09:40:35,0,100,399,1,2026-05-02 09:40:36,R_2fwUa9zupk2Azdg,anonymous,EN,0.20000000298023224,,1,53,1,1,1,6,8,7004,1,Off,Off,Off,On,Off,Off,Off,Off,Off,Off,4,"Reddit, YouTube",2,2,2,3,3,5,3,4,6,5,4,3,3,3,5,4,5,4,"To keep track of news that is not (extensively) covered in other news media, e.g. the war in Ukraine.",3,3,2,3,2,2,3,6672fc4171bee004460c0cf96672fc4171bee004460c0cf9,120.5,complete,,6672fc4171bee004460c0cf9
2026-05-02 09:36:36,2026-05-02 09:42:46,0,100,370,1,2026-05-02 09:42:46,R_2rCZ7WCDmlIctnU,anonymous,EN,0.699999988079071,,1,20,1,2,4,3,1,2595,1,Off,Off,Off,Off,Off,On,Off,Off,Off,Off,4,Facebook,3,3,3,4,4,3,3,3,3,3,4,3,3,4,5,4,5,4,,3,3,2,2,3,2,3,65dcddf73df41cde066da63865dcddf73df41cde066da638,100.5,complete,,65dcddf73df41cde066da638
2026-05-02 09:36:57,2026-05-02 09:44:00,0,100,423,1,2026-05-02 09:44:01,R_8M5NIjjMiU21XbX,anonymous,EN,1,,1,27,2,2,4,6,7,3011,1,Off,Off,Off,Off,Off,Off,On,Off,Off,Off,3,,3,4,4,3,4,1,1,2,1,1,4,4,5,5,6,4,7,6,,3,2,2,1,1,1,1,65aed273a02dd3d9ee57f17e65aed273a02dd3d9ee57f17e,93.5,complete,,65aed273a02dd3d9ee57f17e
2026-05-02 09:33:25,2026-05-02 09:46:10,0,100,765,1,2026-05-02 09:46:11,R_8jNdbunfYQnffqh,anonymous,EN,1,,1,42,2,1,4,6,4,6617,1,Off,Off,Off,On,Off,Off,Off,Off,Off,Off,4,"Instagram ",1,2,2,5,5,1,1,1,1,1,4,4,4,6,5,5,4,5,,4,2,1,1,2,1,2,69f21ca59f25e2a959c2ec7869f21ca59f25e2a959c2ec78,90.5,complete,,69f21ca59f25e2a959c2ec78
2026-05-02 09:41:03,2026-05-02 09:46:33,0,100,330,1,2026-05-02 09:46:33,R_8ccrvurYIRf1oTR,anonymous,EN,1,,1,25,2,1,1,5,3,5988,1,Off,Off,Off,Off,On,Off,Off,Off,Off,Off,6,Tiktok,3,4,4,5,4,3,1,4,3,3,3,1,1,1,4,3,5,5,For inspiration,3,3,3,4,2,2,2,69f38590fd4fc92a811e164369f38590fd4fc92a811e1643,107.5,complete,,69f38590fd4fc92a811e1643
2026-05-02 09:45:17,2026-05-02 09:49:37,0,100,259,1,2026-05-02 09:49:38,R_24MmxCBH7Qns8XH,anonymous,EN,0.8999999761581421,,1,27,1,1,1,6,9,6041,1,Off,Off,Off,On,Off,Off,Off,Off,Off,Off,5,Instagram,3,4,2,5,5,1,1,2,3,2,5,6,6,7,2,3,4,3,I just use it to stay in touch with people,2,1,1,1,1,1,2,58cd670b7f7f9f0001c2d98158cd670b7f7f9f0001c2d981,75.5,complete,,58cd670b7f7f9f0001c2d981
2026-05-02 09:48:41,2026-05-02 09:52:41,0,100,239,1,2026-05-02 09:52:41,R_8fdeApVCSUV5vrN,anonymous,EN,1,,1,31,2,1,4,1,13,5804,1,On,Off,Off,Off,Off,Off,Off,Off,Off,Off,5,"YouTube, Instagram ",2,1,3,3,2,5,5,6,5,5,2,1,1,1,1,5,4,2,,3,3,3,4,3,2,4,69f0aaf29b6433fde13fe89869f0aaf29b6433fde13fe898,135.5,complete,,69f0aaf29b6433fde13fe898
2026-05-02 09:50:18,2026-05-02 09:55:22,0,100,303,1,2026-05-02 09:55:22,R_2eVzVgyhewx1yLA,anonymous,EN,1,,1,37,2,1,1,6,13,4621,1,Off,Off,Off,Off,On,Off,Off,Off,Off,Off,6,"Instagram, Facebook, Reddit",3,6,7,6,6,2,1,2,5,2,6,5,3,3,6,4,6,3,,2,1,1,1,3,2,1,69ca8c810cab6da193ef0b4569ca8c810cab6da193ef0b45,91.5,complete,,69ca8c810cab6da193ef0b45
2026-05-02 09:52:42,2026-05-02 09:56:02,0,100,199,1,2026-05-02 09:56:02,R_20vMW41rbwKYBrA,anonymous,EN,0.8999999761581421,,1,22,2,1,1,6,2,5111,1,Off,Off,On,Off,Off,Off,Off,Off,Off,Off,3,Youtube,6,4,6,2,5,6,6,1,5,5,6,2,3,3,5,3,6,4,,2,2,3,4,3,3,3,69c6496b1bbef412b1e8ea7e69c6496b1bbef412b1e8ea7e,104.5,complete,,69c6496b1bbef412b1e8ea7e
2026-05-02 09:52:41,2026-05-02 09:56:12,0,100,210,1,2026-05-02 09:56:12,R_2D2EqweEDg0pW0K,anonymous,EN,1,,1,30,2,1,1,4,5,9111,1,Off,Off,Off,Off,On,Off,Off,Off,Off,Off,5,Instagram,3,4,3,5,5,2,2,1,3,2,2,1,3,1,2,2,3,2,,3,2,2,1,1,1,3,69c64da81dae8257a5e394bb69c64da81dae8257a5e394bb,88.5,complete,,69c64da81dae8257a5e394bb
2026-05-02 09:46:40,2026-05-02 09:59:00,0,100,740,1,2026-05-02 09:59:00,R_2fuQuESd7u4GUlk,anonymous,EN,1,,1,27,2,1,4,5,1,5622,1,Off,On,Off,Off,Off,Off,Off,Off,Off,Off,4,"LinkedIn ",3,3,2,3,4,2,2,2,2,2,6,2,3,2,5,3,5,7,For searching jobs and increasing my knowledge to reading other people reserch.,1,1,1,1,1,1,1,69f07d5cc316fabd7e25e2e669f07d5cc316fabd7e25e2e6,91.5,complete,,69f07d5cc316fabd7e25e2e6
2026-05-02 09:54:41,2026-05-02 10:01:22,0,100,401,1,2026-05-02 10:01:22,R_26lBqIzuwAvny5r,anonymous,EN,1,,1,31,1,1,1,5,9,4811,1,Off,Off,Off,Off,On,Off,Off,Off,Off,Off,4,"Youtube, Instagram, Reddit",7,6,7,6,7,3,1,2,1,1,5,3,3,3,2,5,3,1,,2,1,1,1,3,2,3,696662ce70ef8cad8b388d9d696662ce70ef8cad8b388d9d,71.5,complete,,696662ce70ef8cad8b388d9d
2026-05-02 09:43:21,2026-05-02 10:11:56,0,100,1714,1,2026-05-02 10:11:57,R_8DY8JvsiJmlitBP,anonymous,EN,1,,1,27,2,1,4,3,1,6711,1,Off,Off,Off,Off,Off,Off,Off,On,Off,Off,7,"Instagram ",1,1,2,2,2,4,3,1,3,3,3,2,2,1,6,4,5,2,"For inspiration, educational purposes, entertainment.",4,3,4,4,4,4,4,69315c6bd9bfcb116142f51a69315c6bd9bfcb116142f51a,125.5,complete,,69315c6bd9bfcb116142f51a
2026-05-02 10:10:34,2026-05-02 10:17:38,0,100,423,1,2026-05-02 10:17:38,R_8frIuhcEr5Eij0R,anonymous,EN,1,,1,25,2,1,1,6,8,9413,1,Off,Off,On,Off,Off,Off,Off,Off,Off,Off,3,Tiktok,3,3,2,6,3,2,2,3,5,2,4,5,3,3,2,2,2,2,,1,2,2,3,1,1,3,69ca47558de56f1a5be7974169ca47558de56f1a5be79741,89.5,complete,,69ca47558de56f1a5be79741
2026-05-02 10:13:46,2026-05-02 10:17:42,0,100,236,1,2026-05-02 10:17:42,R_214ix5cEBBMWfCp,anonymous,EN,1,,1,34,2,1,1,5,4,3645,1,Off,Off,On,Off,Off,Off,Off,Off,Off,Off,2,Instagram,2,2,2,2,2,6,3,2,4,2,5,2,3,5,3,2,2,3,,3,2,2,2,2,2,3,69ed2083c1ae53062023f16469ed2083c1ae53062023f164,98.5,complete,,69ed2083c1ae53062023f164
2026-05-02 10:19:52,2026-05-02 10:22:59,0,100,187,1,2026-05-02 10:23:00,R_2oFtStRmTCWavTy,anonymous,EN,1,,1,37,2,1,1,6,9,2513,1,Off,Off,On,Off,Off,Off,Off,Off,Off,Off,4,Instagram,2,2,2,2,3,6,1,2,5,5,2,2,3,3,6,5,5,4,,3,3,2,1,3,2,2,69f48e81913b822f74455f9a69f48e81913b822f74455f9a,122.5,complete,,69f48e81913b822f74455f9a
2026-05-02 10:22:08,2026-05-02 10:29:38,0,100,449,1,2026-05-02 10:29:39,R_8Km9GytqAsNU82C,anonymous,EN,1,,1,42,2,1,1,5,10,1814,1,Off,Off,On,Off,Off,Off,Off,Off,Off,Off,3,"Instagram, whatsapp, linkedin, facebook",3,3,3,4,4,3,2,2,2,2,3,5,3,6,5,6,6,5,Mostly for inspiration or entertainment,1,1,1,1,1,1,1,69a7f5b6379813dd7bd476d669a7f5b6379813dd7bd476d6,93.5,complete,,69a7f5b6379813dd7bd476d6
2026-05-02 10:27:13,2026-05-02 10:33:12,0,100,358,1,2026-05-02 10:33:12,R_8AHwOtXkjNWG58X,anonymous,EN,1,,1,30,2,1,1,6,6,2935,1,Off,Off,Off,Off,Off,Off,Off,On,Off,Off,7,YouTube,3,3,6,6,6,6,3,3,3,4,2,1,1,1,3,1,2,2,To feel less lonely,4,4,4,4,4,3,4,698a1ada2351b0fe24baba95,113.5,complete,,698a1ada2351b0fe24baba95
2026-05-02 10:23:03,2026-05-02 10:34:08,0,100,665,1,2026-05-02 10:34:09,R_8Xr0KDc49b2kHLz,anonymous,EN,1,,1,32,2,1,1,5,12,8219,1,Off,Off,Off,Off,Off,Off,Off,On,Off,Off,4,"Youtube, reddit, instagram",3,3,3,3,4,2,2,2,2,2,3,4,4,4,4,3,5,4,,3,3,3,3,3,3,3,59c026de8e6ea10001f7b1bc59c026de8e6ea10001f7b1bc,106.5,complete,,59c026de8e6ea10001f7b1bc
2026-05-02 10:29:37,2026-05-02 10:34:37,0,100,299,1,2026-05-02 10:34:37,R_2rqtZRylKR0NrYF,anonymous,EN,1,,1,28,2,1,1,6,12,5692,1,Off,Off,Off,On,Off,Off,Off,Off,Off,Off,3,Instagram twitter,4,3,2,3,4,4,3,5,4,4,6,4,4,3,5,4,3,3,,1,1,1,1,1,1,1,6106e5fa2185277b70b2dc456106e5fa2185277b70b2dc45,99.5,complete,,6106e5fa2185277b70b2dc45
2026-05-02 15:45:58,2026-05-02 15:53:47,0,100,469,1,2026-05-02 15:53:48,R_2kpNq6quQlhJGfn,anonymous,EN,1,,1,27,3,1,2,6,5,6523,1,Off,Off,On,Off,Off,Off,Off,Off,Off,Off,2,Instagram,1,3,4,5,6,5,1,1,2,1,7,5,5,6,2,2,5,4,"I look at other climbers that tell stories about their journeys and adventures and fantasise how it would be for me if i were to do it too. This, then, sometimes leads to me also going to those places (like climbing the Old Man of Stoer in Scotland)",2,1,1,3,1,1,2,6972611417becd8c9a4e6ac26972611417becd8c9a4e6ac2,76.5,complete,,6972611417becd8c9a4e6ac2
2026-05-02 17:01:18,2026-05-02 17:06:01,0,100,282,1,2026-05-02 17:06:01,R_2lrDwwkRGLneMRm,anonymous,EN,1,,1,18,1,1,1,3,12,3117,1,Off,Off,Off,Off,On,Off,Off,Off,Off,Off,4,,3,3,3,3,3,2,2,2,3,2,6,6,6,6,2,3,3,2,,1,1,1,1,1,1,2,69939650ecddf41236f47a5569939650ecddf41236f47a55,77.5,complete,,69939650ecddf41236f47a55
2026-05-02 17:01:16,2026-05-02 17:06:16,0,100,299,1,2026-05-02 17:06:17,R_86oiWGhHxWSSYPn,anonymous,EN,1,,1,19,1,1,3,3,12,6835,1,Off,Off,Off,On,Off,Off,Off,Off,Off,Off,4,reddit and youtube mainly,2,4,5,3,4,6,5,4,3,3,3,3,3,3,3,5,5,4,,3,3,3,2,3,2,3,6951d6fd93f50ed0e6363eba6951d6fd93f50ed0e6363eba,116.5,complete,,6951d6fd93f50ed0e6363eba
2026-05-02 17:02:39,2026-05-02 17:07:32,0,100,292,1,2026-05-02 17:07:33,R_2oA8Ml93BKGAWuN,anonymous,EN,0.8999999761581421,,1,38,2,1,1,6,2,7204,1,Off,Off,Off,Off,Off,On,Off,Off,Off,Off,3,"Reddit, tumblr, facebook",3,4,7,7,5,2,1,1,1,1,6,6,7,7,4,5,5,5,,1,1,1,1,1,1,1,69c3d83a5113fd4542376d7769c3d83a5113fd4542376d77,60.5,complete,,69c3d83a5113fd4542376d77
2026-05-02 17:03:27,2026-05-02 17:07:35,0,100,247,1,2026-05-02 17:07:36,R_8wsK8RNhJmDyHkq,anonymous,EN,1,,1,27,2,1,1,5,6,5041,1,Off,Off,Off,On,Off,Off,Off,Off,Off,Off,7,"Instagram, Tiktok",3,4,3,3,3,5,2,1,1,1,3,1,3,3,5,5,5,6,Work,3,2,1,1,1,1,3,692749bbbe2c33dcba0dbfeb692749bbbe2c33dcba0dbfeb,104.5,complete,,692749bbbe2c33dcba0dbfeb
2026-05-02 17:02:33,2026-05-02 17:08:58,0,100,384,1,2026-05-02 17:08:58,R_2Xlnnf0GLL4HyOB,anonymous,EN,1,,1,21,1,1,3,6,5,2101,1,Off,Off,Off,Off,Off,On,Off,Off,Off,Off,5,Youtube,2,2,2,3,3,3,2,2,2,2,2,5,5,5,4,3,5,3,,4,3,4,3,4,4,3,69da3ddf3cea99bc224e92ad69da3ddf3cea99bc224e92ad,108.5,complete,,69da3ddf3cea99bc224e92ad
2026-05-02 17:02:43,2026-05-02 17:09:20,0,100,396,1,2026-05-02 17:09:20,R_2Qn1873XrmCoz4M,anonymous,EN,1,,1,38,1,1,1,5,5,9301,1,Off,Off,Off,On,Off,Off,Off,Off,Off,Off,2,Instagram,6,6,6,6,6,3,2,1,2,2,6,6,6,6,2,2,4,2,Primarily to read or watch on certain topics I like to follow.,1,1,1,1,2,1,2,69b16c66efe0d04be89d91a969b16c66efe0d04be89d91a9,55.5,complete,,69b16c66efe0d04be89d91a9
2026-05-02 17:02:51,2026-05-02 17:10:18,0,100,446,1,2026-05-02 17:10:19,R_2GWkp38iaLHCLOT,anonymous,EN,1,,1,52,1,1,1,3,9,2923,1,Off,Off,On,Off,Off,Off,Off,Off,Off,Off,3,"Instagram ",6,3,3,4,3,5,3,2,3,2,4,5,3,3,4,5,3,5,Just to spend time,2,2,1,1,1,1,2,69c64c88bceb15214168cbef69c64c88bceb15214168cbef,91.5,complete,,69c64c88bceb15214168cbef
2026-05-02 17:01:29,2026-05-02 17:10:24,0,100,534,1,2026-05-02 17:10:24,R_8VEEDe0WtPOWj4t,anonymous,EN,1,,1,35,1,1,4,6,10,2231,1,Off,Off,Off,On,Off,Off,Off,Off,Off,Off,6,"Instagram, Youtube, Facebook",2,3,5,4,5,6,1,3,5,6,6,4,1,3,4,3,2,1,,3,1,1,1,3,1,3,69ca2b7d480b78830d3be07969ca2b7d480b78830d3be079,104.5,complete,,69ca2b7d480b78830d3be079
2026-05-02 17:02:58,2026-05-02 17:10:37,0,100,459,1,2026-05-02 17:10:38,R_8DBcwiusnh7IA9z,anonymous,EN,1,,1,49,1,1,1,5,10,3818,1,Off,Off,Off,On,Off,Off,Off,Off,Off,Off,3,Youtube and Instagram,3,2,3,4,3,3,2,5,6,4,2,3,6,6,2,5,6,4,I use Youtube for information and news as well,2,1,1,2,2,1,3,657767d604c0e2c2af826611657767d604c0e2c2af826611,103.5,complete,,657767d604c0e2c2af826611
2026-05-02 17:05:26,2026-05-02 17:10:43,0,100,317,1,2026-05-02 17:10:44,R_8rulziGnth2jQPM,anonymous,EN,1,,1,29,1,2,4,6,3,1446,1,Off,Off,Off,Off,Off,On,Off,Off,Off,Off,2,Facebook,2,3,3,3,3,1,1,1,1,1,2,4,3,6,5,5,6,5,,1,1,1,1,1,1,2,698103e2ca88dfbb91f29bca698103e2ca88dfbb91f29bca,88.5,complete,,698103e2ca88dfbb91f29bca
2026-05-02 17:08:35,2026-05-02 17:12:37,0,100,242,1,2026-05-02 17:12:38,R_8LMkR3nYDxdxGLv,anonymous,EN,1,,1,28,1,1,3,5,9,1319,2,Off,Off,On,Off,Off,Off,Off,Off,Off,Off,2,,1,1,2,2,2,2,2,2,5,2,5,5,6,6,4,4,4,4,,2,2,2,2,1,1,1,69cae0c814eb2c06abe3146169cae0c814eb2c06abe31461,97.5,complete,,69cae0c814eb2c06abe31461
2026-05-02 17:10:19,2026-05-02 17:14:02,0,100,222,1,2026-05-02 17:14:02,R_21TR4Fa9Asa8pvQ,anonymous,EN,0.8999999761581421,,1,21,2,1,1,6,2,6212,1,Off,Off,On,Off,Off,Off,Off,Off,Off,Off,4,Instagram,3,2,2,2,2,5,4,4,5,4,3,3,2,4,5,4,4,4,as a reward after working hard,3,3,3,1,2,1,3,69668c7dc4a0ae8f5d19bf2269668c7dc4a0ae8f5d19bf22,113.5,complete,,69668c7dc4a0ae8f5d19bf22
2026-05-02 17:02:03,2026-05-02 17:14:44,0,100,760,1,2026-05-02 17:14:45,R_8PBYzH4ARGaP4eT,anonymous,EN,1,,1,28,1,1,1,5,4,2014,1,Off,Off,Off,Off,Off,Off,On,Off,Off,Off,3,yyoutube,5,5,4,4,6,5,4,3,4,2,2,2,3,3,5,6,5,4,,2,2,1,2,1,2,1,69dcb05cd83d29e139ab71ab69dcb05cd83d29e139ab71ab,95.5,complete,,69dcb05cd83d29e139ab71ab
2026-05-02 17:08:53,2026-05-02 17:15:19,0,100,386,1,2026-05-02 17:15:20,R_2C9lcd4pg4gbUHR,anonymous,EN,1,,1,28,1,1,1,6,6,1112,1,Off,Off,Off,On,Off,Off,Off,Off,Off,Off,4,"Reddit, Instagram",3,5,5,3,4,3,2,2,3,2,6,5,3,3,5,5,6,2,To stay updated on current events. Also to see whether there is interesting stuff I should know about that can make my life and job easier.,3,2,2,2,3,3,4,6744e4e1631660c9a450b6706744e4e1631660c9a450b670,96.5,complete,,6744e4e1631660c9a450b670
2026-05-02 17:13:11,2026-05-02 17:16:23,0,100,191,1,2026-05-02 17:16:23,R_2XR1mVRJpWbfPt7,anonymous,EN,1,,1,41,1,1,1,6,10,9231,1,Off,Off,On,Off,Off,Off,Off,Off,Off,Off,2,Instagram,2,6,5,6,4,2,2,1,1,1,4,2,5,5,2,1,3,2,,2,2,2,2,2,1,3,63c591db3b1d8a96b9d46be763c591db3b1d8a96b9d46be7,76.5,complete,,63c591db3b1d8a96b9d46be7
2026-05-02 17:12:20,2026-05-02 17:16:54,0,100,274,1,2026-05-02 17:16:55,R_2nYCcaV4FkUOwwu,anonymous,EN,1,,1,20,1,1,1,5,12,3069,1,Off,Off,Off,On,Off,Off,Off,Off,Off,Off,3,"tiktok, instagram, youtube and snapchat",2,2,3,3,2,2,2,1,5,2,4,3,3,2,5,3,6,4,,3,3,1,2,1,1,2,69b1d8fe4b310c4186bcbbcc69b1d8fe4b310c4186bcbbcc,107.5,complete,,69b1d8fe4b310c4186bcbbcc
2026-05-02 17:10:28,2026-05-02 17:17:07,0,100,398,1,2026-05-02 17:17:07,R_8hDTS7kOxRQ6PV6,anonymous,EN,1,,1,24,2,1,1,6,3,3532,2,Off,Off,On,Off,Off,Off,Off,Off,Off,Off,3,Instagram,2,2,5,3,6,2,2,3,3,2,2,3,5,5,3,3,5,5,Get inspired,2,2,1,1,2,1,2,69dcf4de98d4432d0fb32d0269dcf4de98d4432d0fb32d02,88.5,complete,,69dcf4de98d4432d0fb32d02
2026-05-02 17:11:52,2026-05-02 17:17:13,0,100,320,1,2026-05-02 17:17:13,R_8i2O5nK7L7hZ7ji,anonymous,EN,1,,1,33,2,1,4,3,12,4851,1,Off,Off,Off,Off,Off,On,Off,Off,Off,Off,6,Reddit,5,5,6,6,6,5,3,3,3,3,3,3,3,3,7,4,4,3,"I use social media to engage with my niche hobbies and research more info about my hobbies or purchases (for example, searching for people's experiences with pourover grinders for coffee so I can make the best choice - no TikTok though). I also like to look at non-AI art for inspiration.",3,2,2,4,1,1,3,5894f21fb1a4ae0001ce55325894f21fb1a4ae0001ce5532,104.5,complete,,5894f21fb1a4ae0001ce5532
2026-05-02 17:13:35,2026-05-02 17:17:38,0,100,242,1,2026-05-02 17:17:38,R_20qQrjR2amFNz7p,anonymous,EN,1,,1,35,2,1,1,6,5,3034,1,Off,Off,Off,Off,Off,On,Off,Off,Off,Off,4,"Instagram, Tiktok",3,3,4,4,3,4,2,2,2,2,4,3,3,4,4,4,5,4,,2,2,1,1,2,1,3,659eb79e5a25804f46b56cae659eb79e5a25804f46b56cae,94.5,complete,,659eb79e5a25804f46b56cae
2026-05-02 17:09:28,2026-05-02 17:18:01,0,100,512,1,2026-05-02 17:18:01,R_8BVQ23NejoflBdi,anonymous,EN,1,,1,35,1,1,2,6,12,1412,1,Off,Off,Off,On,Off,Off,Off,Off,Off,Off,2,,2,3,3,4,4,3,2,2,2,2,5,5,3,3,5,4,5,3,,3,3,3,2,3,3,2,698af64585b8036c6dcf9083698af64585b8036c6dcf9083,104.5,complete,,698af64585b8036c6dcf9083
2026-05-02 17:13:11,2026-05-02 17:19:14,0,100,363,1,2026-05-02 17:19:14,R_8qr4ALdj1soY79m,anonymous,EN,1,,1,47,1,1,2,5,12,7553,1,Off,Off,Off,Off,On,Off,Off,Off,Off,Off,2,"i only use reddit nowadays, although i have used others in the past",3,3,5,6,4,5,3,4,5,5,3,3,2,3,2,2,3,2,,4,3,3,2,4,3,4,69f21ed13cd15b89fb84f8b169f21ed13cd15b89fb84f8b1,110.5,complete,,69f21ed13cd15b89fb84f8b1
2026-05-02 17:16:58,2026-05-02 17:20:18,0,100,199,1,2026-05-02 17:20:19,R_2Kx5pQRwDur6saC,anonymous,EN,1,,1,27,2,1,1,6,7,7513,1,Off,Off,Off,On,Off,Off,Off,Off,Off,Off,4,Instagram and Reddit,2,2,5,3,3,1,2,1,1,1,2,3,3,4,2,4,5,3,,3,3,3,2,1,3,3,697522f0e67ece2c57c73a07697522f0e67ece2c57c73a07,97.5,complete,,697522f0e67ece2c57c73a07
2026-05-02 17:13:01,2026-05-02 17:21:14,0,100,493,1,2026-05-02 17:21:14,R_8DZjZp4Zz8vNjBk,anonymous,EN,1,,1,38,1,1,1,4,6,3332,1,Off,Off,Off,Off,On,Off,Off,Off,Off,Off,2,"instagram, facebook",3,2,3,4,3,4,2,1,2,2,3,3,4,5,6,5,6,6,entertainment / passing time,1,2,1,1,2,1,1,6995e21b9b742b65e1572dca6995e21b9b742b65e1572dca,93.5,complete,,6995e21b9b742b65e1572dca
2026-05-02 17:19:21,2026-05-02 17:23:21,0,100,240,1,2026-05-02 17:23:22,R_2FlIIP1jihz5yx3,anonymous,EN,1,,1,27,2,1,1,4,3,7123,1,Off,Off,Off,Off,Off,On,Off,Off,Off,Off,6,tiktok,3,6,4,4,5,6,2,2,3,2,2,1,3,3,4,3,3,2,,3,4,3,3,3,2,4,69f515ce6f4be5a183e222ab69f515ce6f4be5a183e222ab,100.5,complete,,69f515ce6f4be5a183e222ab
2026-05-02 17:17:23,2026-05-02 17:23:44,0,100,381,1,2026-05-02 17:23:44,R_84HJLW8S9jCnHWg,anonymous,EN,1,,1,45,2,1,4,6,10,2803,1,Off,Off,Off,On,Off,Off,Off,Off,Off,Off,4,Tiktok,5,4,6,6,5,5,2,3,2,1,6,2,2,2,2,3,6,5,"Entertainment mainly, sometimes to gain info",3,2,2,3,3,4,3,69ee63311bdf25841a79e12969ee63311bdf25841a79e129,103.5,complete,,69ee63311bdf25841a79e129
2026-05-02 17:16:32,2026-05-02 17:25:31,0,100,539,1,2026-05-02 17:25:32,R_24bLYxXlIqpCpVj,anonymous,EN,1,,1,32,1,1,1,6,6,1013,1,Off,Off,Off,On,Off,Off,Off,Off,Off,Off,4,Instagram,4,2,3,3,3,2,2,2,3,2,2,4,5,6,6,5,6,5,"I use it to follow motivational and educational pages about health, fitness and finance ",1,1,1,1,1,1,2,66af7ed56686510c31dbaff266af7ed56686510c31dbaff2,93.5,complete,,66af7ed56686510c31dbaff2
2026-05-02 17:20:52,2026-05-02 17:26:07,0,100,315,1,2026-05-02 17:26:07,R_2hLO5Vn2KUR3L9X,anonymous,EN,1,,1,24,1,1,1,5,7,6831,1,Off,Off,Off,Off,Off,On,Off,Off,Off,Off,3,"Youtube, X, Instagram",3,3,3,3,3,4,4,3,3,4,4,3,4,4,5,4,4,4,To get more information about the world,3,3,3,3,2,2,3,69e271ba122c2173e27b82d069e271ba122c2173e27b82d0,107.5,complete,,69e271ba122c2173e27b82d0
2026-05-02 17:19:01,2026-05-02 17:26:56,0,100,475,1,2026-05-02 17:26:56,R_2hFTPyFYWOjfA09,anonymous,EN,1,,1,44,1,1,4,6,10,1087,1,Off,Off,Off,On,Off,Off,Off,Off,Off,Off,4,"facebook, X",2,1,2,4,4,1,1,1,2,1,3,2,3,3,5,4,3,4,,3,3,3,2,4,2,3,60fb1a37aed0ed237e6c4d41,109.5,complete,,60fb1a37aed0ed237e6c4d41
2026-05-02 17:23:35,2026-05-02 17:30:42,0,100,427,1,2026-05-02 17:30:42,R_2rqgvtYae4euzI3,anonymous,EN,1,,1,32,2,1,3,6,12,1066,1,Off,Off,Off,Off,On,Off,Off,Off,Off,Off,4,Youtube,3,2,3,2,2,5,2,2,5,2,5,3,3,6,6,6,3,6,"Inspirations, for example hairstyles, clothes, ways to decorate the house ",1,1,1,2,1,1,1,69c3ea2b563c450039baee4069c3ea2b563c450039baee40,109.5,complete,,69c3ea2b563c450039baee40
2026-05-02 17:25:37,2026-05-02 17:31:31,0,100,353,1,2026-05-02 17:31:31,R_8AKONlEPfR4KWhr,anonymous,EN,1,,1,26,1,1,1,6,9,5233,1,Off,Off,Off,Off,On,Off,Off,Off,Off,Off,4,Instagram,6,5,5,6,6,5,5,5,6,4,5,5,6,5,6,5,7,5,"Ideas, thing to do, check-up friends",2,3,3,3,2,3,3,69f10a56c5f223b82352da5169f10a56c5f223b82352da51,105.5,complete,,69f10a56c5f223b82352da51
2026-05-02 17:29:14,2026-05-02 17:36:29,0,100,434,1,2026-05-02 17:36:29,R_8idFIz6Zsn7gR0J,anonymous,EN,1,,1,28,1,1,1,5,7,1705,1,Off,Off,Off,Off,Off,On,Off,Off,Off,Off,4,"Twitter, Youtube",4,4,6,6,3,3,4,3,4,3,4,3,3,3,6,6,6,6,try to open up myself to new people and experience,2,2,2,3,3,2,3,668a9c8a677dc562a445cf82668a9c8a677dc562a445cf82,106.5,complete,,668a9c8a677dc562a445cf82
2026-05-02 17:35:00,2026-05-02 17:39:01,0,100,241,1,2026-05-02 17:39:02,R_8uuaVyDgZB9xnNL,anonymous,EN,1,,1,32,2,1,1,5,9,6542,1,Off,Off,Off,On,Off,Off,Off,Off,Off,Off,3,"Tiktok, facebook",2,2,2,3,5,6,2,1,1,1,7,7,3,7,5,5,5,4,,1,1,1,1,1,1,1,69ca92295c3e8578714c499769ca92295c3e8578714c4997,85.5,complete,,69ca92295c3e8578714c4997
2026-05-02 17:31:18,2026-05-02 17:39:41,0,100,502,1,2026-05-02 17:39:42,R_8AFIKey6ZSH6fQh,anonymous,EN,1,,1,26,2,1,4,6,1,3544,1,Off,Off,Off,Off,Off,On,Off,Off,Off,Off,6,Instagram,4,4,3,3,2,1,1,3,4,2,3,3,2,4,4,4,3,3,"Learn new things, connect with what is happening in the world",4,3,3,3,3,4,4,69ea1340bdf83a3cde1b939469ea1340bdf83a3cde1b9394,106.5,complete,,69ea1340bdf83a3cde1b9394
2026-05-02 17:37:23,2026-05-02 17:42:09,0,100,286,1,2026-05-02 17:42:10,R_2EE9aqxDyKgT2a2,anonymous,EN,0.8999999761581421,,1,45,2,1,1,6,7,3523,1,Off,Off,Off,Off,Off,On,Off,Off,Off,Off,3,"Instagram ",4,2,3,4,3,4,4,3,3,4,4,4,3,3,4,5,5,4,,3,3,3,3,2,2,2,69ca10490aaeeb15023f0b0f69ca10490aaeeb15023f0b0f,109.5,complete,,69ca10490aaeeb15023f0b0f
2026-05-02 17:38:01,2026-05-02 17:44:46,0,100,404,1,2026-05-02 17:44:46,R_2NESn67G2Ah4JYR,anonymous,EN,0.800000011920929,,1,32,2,1,2,6,7,3515,1,Off,Off,Off,Off,Off,On,Off,Off,Off,Off,5,youtube,2,3,3,5,5,1,1,1,1,1,2,3,2,4,5,4,6,4,background noise,3,3,3,2,2,2,4,5be9f0575b7ff700013c82175be9f0575b7ff700013c8217,102.5,complete,,5be9f0575b7ff700013c8217
2026-05-02 17:40:49,2026-05-02 17:45:30,0,100,280,1,2026-05-02 17:45:31,R_8SwxXKQ0uJtyhUt,anonymous,EN,1,,1,40,2,1,1,6,8,6604,1,Off,Off,On,Off,Off,Off,Off,Off,Off,Off,3,Instagram,2,2,2,4,3,3,2,2,3,4,3,3,2,2,5,4,5,4,,2,3,2,2,2,2,2,69b1acea3579e47246e16c1a69b1acea3579e47246e16c1a,110.5,complete,,69b1acea3579e47246e16c1a
2026-05-02 17:22:27,2026-05-02 17:46:12,0,100,1424,1,2026-05-02 17:46:13,R_2F3PLUiwqrzJT60,anonymous,EN,1,,1,41,1,1,1,5,8,9501,1,Off,Off,Off,Off,Off,On,Off,Off,Off,Off,3,Instagram,4,5,4,3,3,6,3,5,6,5,3,3,3,2,6,5,6,3,,2,2,2,1,1,2,2,5b0c1fdebd9c3100015641ae5b0c1fdebd9c3100015641ae,111.5,complete,,5b0c1fdebd9c3100015641ae
2026-05-02 17:42:28,2026-05-02 17:46:23,0,100,234,1,2026-05-02 17:46:24,R_2FzFnmRYPVgBoek,anonymous,EN,1,,1,39,2,2,4,6,10,6521,1,Off,Off,Off,On,Off,Off,Off,Off,Off,Off,4,Instagram,6,5,5,2,2,2,2,2,4,4,5,6,6,7,6,5,6,4,,2,2,2,2,1,1,1,698a4495274ef2661ca769e4698a4495274ef2661ca769e4,95.5,complete,,698a4495274ef2661ca769e4
2026-05-02 17:33:43,2026-05-02 17:53:44,0,100,1201,1,2026-05-02 17:53:45,R_232GM4wiJyfhB81,anonymous,EN,1,,1,27,1,1,1,6,8,9287,1,Off,On,Off,Off,Off,Off,Off,Off,Off,Off,2,Whatsapp,3,3,2,3,4,3,3,5,4,3,3,3,2,3,2,6,6,5,,2,1,1,1,2,1,1,5e0f5a17d62abe65e0a613ad5e0f5a17d62abe65e0a613ad,104.5,complete,,5e0f5a17d62abe65e0a613ad
2026-05-02 17:56:58,2026-05-02 18:04:22,0,100,443,1,2026-05-02 18:04:22,R_8YAot80dhKoxEPF,anonymous,EN,,,1,48,1,1,1,5,10,4621,1,Off,Off,Off,On,Off,Off,Off,Off,Off,Off,3,X,3,2,2,3,2,1,1,1,1,1,5,5,6,6,2,3,3,4,,1,1,1,1,1,1,2,5bea9d9805619d00010720575bea9d9805619d0001072057,77.5,error,timeout,5bea9d9805619d0001072057
2026-05-02 18:00:31,2026-05-02 18:04:47,0,100,256,1,2026-05-02 18:04:48,R_2MMuC17EwjAullf,anonymous,EN,1,,1,33,2,1,1,5,7,5345,1,Off,Off,Off,On,Off,Off,Off,Off,Off,Off,2,"Insta, whatsapp",2,4,6,6,5,7,1,2,3,3,1,1,2,2,5,5,5,6,"Trends, contact, music",3,3,3,4,3,3,3,69aeeea87f9bbdd68d7d121969aeeea87f9bbdd68d7d1219,113.5,complete,,69aeeea87f9bbdd68d7d1219
2026-05-02 17:51:05,2026-05-02 18:05:34,0,100,868,1,2026-05-02 18:05:34,R_8lAnbD8omknxKYs,anonymous,EN,1,,1,34,2,1,1,4,5,8225,1,Off,Off,Off,On,Off,Off,Off,Off,Off,Off,2,Facebook,3,4,3,5,5,1,1,1,1,1,4,3,5,6,6,6,6,4,Entertainment and just doomscrolling sometimes,2,2,1,1,1,1,1,6927676933a2c730cd84bfdb6927676933a2c730cd84bfdb,78.5,complete,,6927676933a2c730cd84bfdb
2026-05-02 18:03:35,2026-05-02 18:06:15,0,100,160,1,2026-05-02 18:06:16,R_2p3hhThLAUxGQTE,anonymous,EN,0.4000000059604645,,1,43,2,1,4,5,8,3056,1,Off,Off,Off,Off,On,Off,Off,Off,Off,Off,5,X,5,5,5,5,5,6,5,4,4,5,4,3,3,3,4,3,4,3,,2,3,2,2,2,2,2,5e13c06d11999fa232040eb95e13c06d11999fa232040eb9,105.5,complete,,5e13c06d11999fa232040eb9
2026-05-02 18:05:20,2026-05-02 18:10:18,0,100,298,1,2026-05-02 18:10:19,R_8w1ZOnWisAD7TZT,anonymous,EN,1,,1,23,2,1,1,5,3,6224,1,Off,Off,Off,On,Off,Off,Off,Off,Off,Off,5,Instagram,3,3,3,5,5,5,2,2,3,3,3,3,5,6,5,5,5,6,,3,2,2,1,2,1,3,69a4af3b2c209d14776dc99869a4af3b2c209d14776dc998,96.5,complete,,69a4af3b2c209d14776dc998
2026-05-02 18:08:59,2026-05-02 18:12:30,0,100,210,1,2026-05-02 18:12:30,R_8dK84V6dL6M2aLk,anonymous,EN,1,,1,20,1,1,1,3,4,2282,1,Off,Off,Off,Off,Off,Off,On,Off,Off,Off,5,,3,3,3,4,4,4,2,2,3,2,4,5,4,4,4,2,2,3,,2,2,2,3,1,2,3,673e66683243bb7c85a17b5a673e66683243bb7c85a17b5a,85.5,complete,,673e66683243bb7c85a17b5a
2026-05-02 18:09:17,2026-05-02 18:13:02,0,100,225,1,2026-05-02 18:13:02,R_8eG0SAffsGWmqeY,anonymous,EN,1,,1,22,2,1,3,4,6,5044,1,Off,Off,Off,On,Off,Off,Off,Off,Off,Off,6,Tiktok,6,4,2,2,3,5,2,2,3,2,4,6,6,6,5,6,4,4,,1,1,1,1,1,1,1,69c6496f9af1604ade19f59069c6496f9af1604ade19f590,88.5,complete,,69c6496f9af1604ade19f590
2026-05-02 18:08:25,2026-05-02 18:15:01,0,100,395,1,2026-05-02 18:15:01,R_2qO8zjMkc13TTm9,anonymous,EN,0.8999999761581421,,1,22,2,1,1,5,6,3531,1,Off,Off,Off,Off,On,Off,Off,Off,Off,Off,5,Tiktok,2,4,2,2,4,2,2,1,4,4,6,5,4,5,3,4,5,5,"Information, look up how to things work",2,1,2,2,1,2,3,665b3f730ae6a036d64c1958665b3f730ae6a036d64c1958,94.5,complete,,665b3f730ae6a036d64c1958
2026-05-02 18:15:31,2026-05-02 18:21:45,0,100,374,1,2026-05-02 18:21:46,R_2ug9UIVJPRX8Cc1,anonymous,EN,1,,1,45,2,1,4,4,8,2597,1,Off,Off,Off,Off,On,Off,Off,Off,Off,Off,5,X,6,2,3,3,4,2,5,1,2,1,5,6,2,6,6,6,5,5,,3,3,3,2,2,3,2,69ab03c51b23bb8f4c7e86c069ab03c51b23bb8f4c7e86c0,103.5,complete,,69ab03c51b23bb8f4c7e86c0
2026-05-02 18:39:17,2026-05-02 18:42:45,0,100,207,1,2026-05-02 18:42:46,R_2ffcAwuRScMjeRg,anonymous,EN,1,,1,26,2,1,1,3,3,6541,1,Off,Off,Off,Off,On,Off,Off,Off,Off,Off,5,"tiktok, instagram",2,3,3,2,2,3,4,4,5,3,3,2,2,3,6,6,6,6,,2,2,2,2,2,1,3,69c68cb59a4a89679ec7e68169c68cb59a4a89679ec7e681,115.5,complete,,69c68cb59a4a89679ec7e681
2026-05-02 18:00:04,2026-05-02 19:14:50,0,100,4485,1,2026-05-02 19:14:51,R_2qVUi6nzd8VgzO2,anonymous,EN,1,,1,20,2,1,4,3,1,3511,1,Off,Off,Off,Off,On,Off,Off,Off,Off,Off,4,"Instagram, Tiktok, Youtube, Linkedin",1,1,1,1,1,5,3,3,1,2,1,1,1,1,5,2,4,4,,3,3,3,3,1,1,3,69f0e493bfcdc8bbd5f0966e69f0e493bfcdc8bbd5f0966e,117.5,complete,,69f0e493bfcdc8bbd5f0966e
2026-05-02 23:51:39,2026-05-03 00:00:50,0,100,550,1,2026-05-03 00:00:50,R_8FsHO83zUSJzTUG,anonymous,EN,1,,1,30,1,1,4,6,6,1541,1,Off,Off,Off,Off,Off,On,Off,Off,Off,Off,6,"Instagram ",7,5,7,7,7,1,1,1,3,5,1,1,1,1,1,1,1,1,,1,1,1,1,1,1,3,63c59d893dfd2fffef2504c463c59d893dfd2fffef2504c4,76.5,complete,,63c59d893dfd2fffef2504c4
2026-05-07 15:02:42,2026-05-07 15:07:17,0,100,275,1,2026-05-07 15:07:18,R_21n4hjaPmNnPUli,anonymous,EN,0.4000000059604645,,1,42,1,1,1,3,4,4385,1,Off,Off,Off,Off,Off,Off,Off,On,Off,Off,5,Youtube and Instagram,3,5,5,6,6,3,2,3,5,3,3,3,2,3,5,3,5,4,,3,3,3,3,3,3,3,696a2e2894daa0effbe5b062696a2e2894daa0effbe5b062,98.5,complete,,696a2e2894daa0effbe5b062
2026-05-07 15:03:57,2026-05-07 15:07:25,0,100,207,1,2026-05-07 15:07:26,R_8D57ZCf5WAXju8P,anonymous,EN,0.8999999761581421,,1,54,2,1,4,6,2,1183,1,Off,Off,Off,Off,Off,Off,Off,On,Off,Off,2,LinkedIN,7,7,7,7,7,1,1,1,1,1,7,7,7,7,1,1,1,1,"Looking for job opportunities, keeping on top of what is going on in my field, keeping in touch with former colleagues",1,1,1,1,1,1,1,6717f33edcd1662883d174776717f33edcd1662883d17477,35.5,complete,,6717f33edcd1662883d17477
2026-05-07 15:04:06,2026-05-07 15:07:41,0,100,215,1,2026-05-07 15:07:42,R_89vEFkemfxVBzkB,anonymous,EN,1,,1,32,1,2,4,6,1,1621,1,Off,Off,Off,Off,On,Off,Off,Off,Off,Off,6,"youtube ",4,1,6,3,1,7,2,4,4,1,4,4,4,2,4,4,5,5,,1,1,1,1,2,1,1,69f080bf44a471dc4636d48d69f080bf44a471dc4636d48d,100.5,complete,,69f080bf44a471dc4636d48d
2026-05-07 15:03:27,2026-05-07 15:08:08,0,100,280,1,2026-05-07 15:08:08,R_8nUbMtueWD43qI9,anonymous,EN,1,,1,49,2,1,1,6,3,8017,1,Off,Off,Off,Off,On,Off,Off,Off,Off,Off,3,Youtube,3,1,3,3,2,1,1,1,1,1,4,3,3,6,3,3,5,4,,1,1,1,2,1,1,1,605f856a958ba27c0300c200605f856a958ba27c0300c200,81.5,complete,,605f856a958ba27c0300c200
2026-05-07 15:02:53,2026-05-07 15:09:24,0,100,391,1,2026-05-07 15:09:25,R_8xGEcvjVO8jgmv7,anonymous,EN,1,,1,26,2,1,1,6,4,3034,1,Off,Off,Off,Off,Off,Off,Off,On,Off,Off,3,youtube,3,5,3,6,6,2,2,2,3,2,3,5,3,5,6,6,7,7,entertainment,3,2,1,2,2,2,3,69c40113305150b76b969079,95.5,complete,,69c40113305150b76b969079
2026-05-07 15:03:35,2026-05-07 15:09:42,0,100,367,1,2026-05-07 15:09:43,R_2nAZPNGboy46DPU,anonymous,EN,1,,1,28,2,1,4,5,7,1705,1,Off,Off,Off,On,Off,Off,Off,Off,Off,Off,7,"Tiktok, Facebook, Instagram, SnapChat, LinkedIn, Twitter",4,1,1,4,2,2,1,4,2,1,4,3,6,6,5,7,7,7,,2,1,1,1,2,2,1,69f34d280eba892fcb7efdc269f34d280eba892fcb7efdc2,106.5,complete,,69f34d280eba892fcb7efdc2
2026-05-07 15:06:30,2026-05-07 15:10:17,0,100,227,1,2026-05-07 15:10:18,R_2kYrZ46GfrcW15B,anonymous,EN,1,,1,19,1,1,1,3,1,1187,1,Off,Off,On,Off,Off,Off,Off,Off,Off,Off,4,"X, Instagram, Tiktok",3,6,5,3,4,3,3,4,5,4,6,3,5,6,6,5,5,6,,2,3,3,2,2,1,3,698a1cbd241fa1a637c0875e,92.5,complete,,698a1cbd241fa1a637c0875e
2026-05-07 15:07:05,2026-05-07 15:10:37,0,100,211,1,2026-05-07 15:10:38,R_8mwLSKsa4eGRm8h,anonymous,EN,1,,1,30,1,1,1,5,9,4533,1,Off,Off,Off,Off,Off,Off,On,Off,Off,Off,3,instagram,5,5,5,5,6,5,2,2,2,2,6,6,6,6,2,2,2,2,,3,3,3,2,3,3,3,664127a3a2d19f88a5432bc2664127a3a2d19f88a5432bc2,76.5,complete,,664127a3a2d19f88a5432bc2
2026-05-07 15:06:21,2026-05-07 15:11:12,0,100,291,1,2026-05-07 15:11:13,R_2RYzcyLQWhDgLDj,anonymous,EN,1,,1,35,2,2,4,6,2,2583,1,Off,Off,Off,Off,Off,Off,Off,Off,On,Off,3,Ln,1,2,4,2,2,2,2,1,4,4,6,2,5,3,7,4,7,3,,3,3,1,3,2,1,2,69f79a6cc410fdaf108b9cd869f79a6cc410fdaf108b9cd8,106.5,complete,,69f79a6cc410fdaf108b9cd8
2026-05-07 15:07:17,2026-05-07 15:11:28,0,100,250,1,2026-05-07 15:11:29,R_83e4omkPu9QJuHl,anonymous,EN,1,,1,24,2,1,4,4,1,1975,2,Off,Off,Off,Off,Off,Off,On,Off,Off,Off,4,TikTok,3,2,4,2,5,2,1,1,2,1,3,3,3,6,7,5,5,4,,1,1,1,2,1,1,2,69fc4bef46561e1a5b88843b69fc4bef46561e1a5b88843b,88.5,complete,,69fc4bef46561e1a5b88843b
2026-05-07 15:03:01,2026-05-07 15:11:53,0,100,531,1,2026-05-07 15:11:54,R_2LAJWg08JVw17b3,anonymous,EN,1,,1,23,1,1,1,6,2,3063,1,Off,Off,Off,On,Off,Off,Off,Off,Off,Off,2,Youtube,3,3,3,5,4,5,2,5,4,3,6,6,6,6,5,3,5,3,,2,1,1,1,1,2,2,69b1b777b6001c732d14c14169b1b777b6001c732d14c141,81.5,complete,,69b1b777b6001c732d14c141
2026-05-07 15:05:59,2026-05-07 15:11:58,0,100,358,1,2026-05-07 15:11:59,R_2oFjCjJGI6oI6Or,anonymous,EN,1,,1,23,1,1,1,6,6,5071,1,Off,Off,Off,On,Off,Off,Off,Off,Off,Off,5,Tiktok,1,1,1,3,2,2,3,1,2,2,2,6,6,4,5,3,3,5,,1,1,1,2,3,2,2,69fb1bb8cc5473e04a71fe7c69fb1bb8cc5473e04a71fe7c,97.5,complete,,69fb1bb8cc5473e04a71fe7c
2026-05-07 15:02:40,2026-05-07 15:12:03,0,100,563,1,2026-05-07 15:12:04,R_21pPsArMtsLbBqB,anonymous,EN,0.800000011920929,,1,27,1,1,3,4,6,6642,1,Off,Off,Off,Off,On,Off,Off,Off,Off,Off,5,TikTok,4,5,3,6,4,7,1,1,5,5,4,1,1,1,7,5,6,7,,3,4,2,2,4,3,4,69f7ecb5de0eb4609a4859e569f7ecb5de0eb4609a4859e5,122.5,complete,,69f7ecb5de0eb4609a4859e5
2026-05-07 15:08:17,2026-05-07 15:12:42,0,100,264,1,2026-05-07 15:12:43,R_225t9kCErtZtURz,anonymous,EN,0.8999999761581421,,1,21,2,1,1,5,4,1064,1,Off,Off,Off,On,Off,Off,Off,Off,Off,Off,7,instagram,4,4,4,4,4,5,5,5,5,5,5,5,4,4,6,6,6,6,,1,1,1,1,1,1,1,696ca760985da308a9f2bc12696ca760985da308a9f2bc12,103.5,complete,,696ca760985da308a9f2bc12
2026-05-07 15:05:56,2026-05-07 15:13:45,0,100,468,1,2026-05-07 15:13:46,R_2HYQTo89Kt4bHxo,anonymous,EN,1,,1,18,2,1,3,3,12,5617,1,Off,Off,On,Off,Off,Off,Off,Off,Off,Off,7,YouTube,3,2,3,3,2,3,2,1,2,2,2,3,1,2,5,5,5,5,,3,3,3,3,3,3,4,69f8a75a92f1571b08148e7169f8a75a92f1571b08148e71,124.5,complete,,69f8a75a92f1571b08148e71
2026-05-07 15:03:08,2026-05-07 15:14:46,0,100,698,1,2026-05-07 15:14:47,R_8HOkws0XUVpTRwt,anonymous,EN,1,,1,28,1,1,1,3,1,7001,1,Off,Off,Off,Off,On,Off,Off,Off,Off,Off,4,YouTube,3,5,6,5,4,3,2,1,2,2,4,2,2,2,3,2,5,5,,4,3,3,3,2,2,4,69c64cb3fe6562356ee37b3d,89.5,complete,,69c64cb3fe6562356ee37b3d
2026-05-07 15:11:21,2026-05-07 15:14:55,0,100,214,1,2026-05-07 15:14:56,R_8V9SmO4AMEkScMN,anonymous,EN,1,,1,20,2,1,1,3,2,7908,1,Off,Off,Off,Off,Off,On,Off,Off,Off,Off,4,Instagram,2,2,2,4,4,3,1,1,1,1,2,1,1,1,5,6,6,6,,3,3,3,3,3,3,3,6994b66e1c8b96b3149fbf196994b66e1c8b96b3149fbf19,110.5,complete,,6994b66e1c8b96b3149fbf19
2026-05-07 15:08:50,2026-05-07 15:16:16,0,100,446,1,2026-05-07 15:16:17,R_8tcFUVR44oTl9rr,anonymous,EN,1,,1,49,2,1,1,6,3,8012,1,Off,Off,Off,On,Off,Off,Off,Off,Off,Off,2,Facebook,5,1,2,2,2,7,7,7,7,7,5,5,5,5,2,3,5,4,,2,2,1,3,1,2,1,60551c921afebad605bfd329,109.5,complete,,60551c921afebad605bfd329
2026-05-07 15:09:08,2026-05-07 15:17:06,0,100,478,1,2026-05-07 15:17:07,R_81o1hPZkvKvOkIC,anonymous,EN,0.699999988079071,,1,31,1,1,1,7,4,1261,1,Off,Off,Off,Off,Off,Off,On,Off,Off,Off,3,TikTok,4,4,6,4,4,2,2,2,2,2,3,4,4,5,4,3,3,2,,3,3,4,4,4,3,3,69f25fb46bed81ef0fb09e1869f25fb46bed81ef0fb09e18,90.5,complete,,69f25fb46bed81ef0fb09e18
2026-05-07 15:15:06,2026-05-07 15:20:18,0,100,312,1,2026-05-07 15:20:19,R_2NRiAzpRIBfXLzT,anonymous,EN,0.8999999761581421,,1,24,2,2,4,6,1,9713,1,Off,Off,Off,Off,Off,On,Off,Off,Off,Off,6,tiktok,2,3,4,1,2,4,3,3,3,5,5,3,3,3,5,4,4,4,"recently i used a tiktok to watch youtube/tv video clip (coz, i feel like my attention span is getting shorter and shorter, so tiktok is an easy way to spend time,  and getting distract from reality, and can use in my bed (easiler than watching TV or youtube on the tablet,desktop etc..)",3,3,3,2,2,2,4,692833e619624c6f899ef420692833e619624c6f899ef420,114.5,complete,,692833e619624c6f899ef420
2026-05-07 15:13:45,2026-05-07 15:20:34,0,100,409,1,2026-05-07 15:20:35,R_2lXMSn2tdnrCASD,anonymous,EN,1,,1,37,2,1,1,5,8,6211,1,Off,Off,Off,On,Off,Off,Off,Off,Off,Off,4,Instagram,4,3,5,4,3,4,1,2,6,3,6,6,5,5,2,2,2,2,Just to get my mind of things and relax,2,2,1,1,2,1,1,69f3c2e85f64f97be03073d169f3c2e85f64f97be03073d1,79.5,complete,,69f3c2e85f64f97be03073d1
2026-05-07 15:14:55,2026-05-07 15:20:36,0,100,341,1,2026-05-07 15:20:37,R_2mJecvpBlYPO0zT,anonymous,EN,1,,1,18,1,1,1,3,1,7544,1,Off,Off,Off,Off,On,Off,Off,Off,Off,Off,4,"Youtube, Instagram, tiktok",3,2,3,5,3,2,1,2,2,4,3,2,2,6,5,4,5,3,,1,2,1,1,1,1,3,69fb26b0618ed53f311ca10d69fb26b0618ed53f311ca10d,85.5,complete,,69fb26b0618ed53f311ca10d
2026-05-07 15:18:51,2026-05-07 15:24:18,0,100,326,1,2026-05-07 15:24:18,R_86bSLHxwK7oVuuU,anonymous,EN,0.699999988079071,,1,26,1,1,4,3,2,5654,2,Off,Off,Off,Off,Off,Off,On,Off,Off,Off,5,Youtube,6,5,6,7,6,5,2,5,5,2,3,6,6,6,2,3,3,2,,1,1,2,1,1,1,2,6924c286b55fb5ff7f2ad29b,69.5,complete,,6924c286b55fb5ff7f2ad29b
2026-05-07 15:11:30,2026-05-07 15:29:18,0,100,1067,1,2026-05-07 15:29:19,R_8FgCfsrtqqwT5nq,anonymous,EN,1,,1,49,1,1,1,5,8,5616,1,Off,Off,Off,On,Off,Off,Off,Off,Off,Off,3,Instagram and Whatsapp,2,5,5,3,1,5,2,1,2,1,6,3,2,2,2,2,2,2,I use Social Media mainly to find inspiration on how people make things. I use it as a tutorial medium rather then seeing or hearing people I know that share what they did. I don't use Social Media that way anymore.,3,3,3,2,3,3,3,6974888bb9b8979064a17d5d6974888bb9b8979064a17d5d,94.5,complete,,6974888bb9b8979064a17d5d
2026-05-07 15:09:31,2026-05-07 15:30:00,0,100,1229,1,2026-05-07 15:30:01,R_2pSmOAtbNnMxDhC,anonymous,EN,1,,1,32,1,1,1,4,5,2715,1,Off,Off,Off,Off,Off,Off,On,Off,Off,Off,3,Instagram,3,3,4,3,3,5,3,2,2,2,6,6,6,6,4,3,5,4,"I use social media to relax, and pass the time",1,2,2,1,4,2,3,698ef7c01afc41123d3bbcac698ef7c01afc41123d3bbcac,85.5,complete,,698ef7c01afc41123d3bbcac
2026-05-07 15:50:43,2026-05-07 15:57:07,0,100,383,1,2026-05-07 15:57:07,R_8mf1rkL2VlcA4tE,anonymous,EN,,,1,26,2,1,1,6,12,5246,1,Off,Off,Off,Off,On,Off,Off,Off,Off,Off,4,Instagram,2,2,1,3,2,2,2,2,1,5,3,3,2,5,4,5,7,5,,2,1,2,2,1,1,2,69281279a53ad28deb6efae369281279a53ad28deb6efae3,112.5,error,timeout,69281279a53ad28deb6efae3
2026-05-22 13:14:48,2026-05-22 13:18:03,0,100,195,1,2026-05-22 13:18:04,R_2BPpiBWiIBxhiOO,anonymous,EN,1,,1,19,1,1,1,3,2,3404,1,Off,Off,Off,On,Off,Off,Off,Off,Off,Off,3,"Instagram, Snapchat",2,2,1,2,3,2,2,1,1,2,6,4,6,6,4,5,5,7,,1,1,1,1,1,1,2,6a033edc6bb4d2a26ba75a5e6a033edc6bb4d2a26ba75a5e,81.5,complete,,6a033edc6bb4d2a26ba75a5e
2026-05-22 13:14:52,2026-05-22 13:19:03,0,100,250,1,2026-05-22 13:19:03,R_2rHrNFnHryw36lC,anonymous,EN,1,,1,22,2,1,2,6,2,3135,1,Off,Off,Off,Off,On,Off,Off,Off,Off,Off,4,"Instagram ",1,1,1,3,2,5,3,2,3,2,2,3,3,4,6,5,5,4,,3,2,1,2,3,3,4,69f8736c173fc44491ef8ef969f8736c173fc44491ef8ef9,115.5,complete,,69f8736c173fc44491ef8ef9
2026-05-22 13:14:22,2026-05-22 13:19:13,0,100,290,1,2026-05-22 13:19:14,R_8hShcs6DtgWZUS1,anonymous,EN,1,,1,31,1,1,1,5,9,7031,1,Off,Off,On,Off,Off,Off,Off,Off,Off,Off,2,Instagram,5,3,3,4,3,2,1,1,2,2,6,7,6,6,5,4,5,6,I mainly use social media to gather inspiration for my niche in art.,1,1,1,1,2,1,2,63359b3bffb1f6a9f45b7c6063359b3bffb1f6a9f45b7c60,78.5,complete,,63359b3bffb1f6a9f45b7c60
2026-05-22 13:14:29,2026-05-22 13:19:37,0,100,307,1,2026-05-22 13:19:37,R_2h5AHcwYWulRUpX,anonymous,EN,0.800000011920929,,1,40,1,1,1,5,10,2553,1,Off,Off,On,Off,Off,Off,Off,Off,Off,Off,3,"Instagram, Reddit",2,6,3,5,6,2,2,1,1,1,7,3,7,7,6,3,5,5,Just being bored,2,2,2,2,3,1,1,69f87d0cb906fa39bdfd500c69f87d0cb906fa39bdfd500c,79.5,complete,,69f87d0cb906fa39bdfd500c
2026-05-22 13:15:01,2026-05-22 13:20:01,0,100,299,1,2026-05-22 13:20:01,R_2D79C4BogAlgY1j,anonymous,EN,1,,1,39,2,1,1,6,7,2341,1,Off,Off,Off,On,Off,Off,Off,Off,Off,Off,3,"Youtube, Reddit",3,2,2,2,2,5,2,3,3,4,4,2,2,2,2,2,3,1,N/A,3,3,3,2,4,3,4,6a0a282e07f81591ded966ad6a0a282e07f81591ded966ad,111.5,complete,,6a0a282e07f81591ded966ad
2026-05-22 13:14:42,2026-05-22 13:20:15,0,100,332,1,2026-05-22 13:20:15,R_2ofc7WTll1FPnnb,anonymous,EN,1,,1,28,1,1,1,3,9,6852,1,Off,Off,Off,Off,Off,Off,On,Off,Off,Off,5,Instagram,3,2,2,3,4,5,1,2,3,1,2,3,3,6,7,5,6,4,To learn about certain subject I normally would not encounter,2,3,3,3,3,2,3,6a05a3a200eaf89b4552b6e26a05a3a200eaf89b4552b6e2,110.5,complete,,6a05a3a200eaf89b4552b6e2
2026-05-22 13:16:32,2026-05-22 13:20:17,0,100,225,1,2026-05-22 13:20:18,R_2j87lu6uNcpzgZe,anonymous,EN,1,,1,28,1,1,1,4,8,7002,1,Off,Off,Off,Off,Off,Off,On,Off,Off,Off,5,Twitter,6,5,6,3,3,7,5,3,4,3,4,5,2,6,2,3,5,2,Keeping track of fanbase activity,4,2,2,1,2,2,4,69ff3d3f9e2bf7baffa59cc3,96.5,complete,,69ff3d3f9e2bf7baffa59cc3
2026-05-22 13:19:57,2026-05-22 13:20:23,0,100,26,1,2026-05-22 13:20:23,R_2w6rcjDi4MG1BMK,anonymous,EN,0.800000011920929,,2,,,,,,,,,,,,,,,,,,,,,,,,,,,,,,,,,,,,,,,,,,,,,,,,2,complete,,69ef1c32771bfb650d829e71
2026-05-22 13:14:06,2026-05-22 13:20:51,0,100,405,1,2026-05-22 13:20:52,R_2jBbDwFQVhAtTGU,anonymous,EN,1,,1,36,1,1,1,5,1,8121,1,Off,Off,Off,Off,Off,Off,Off,On,Off,Off,3,"x,Bsky.Reddit",3,2,3,3,3,4,3,3,3,2,5,3,5,3,6,4,5,5,"News aggregation, I follow a lot of journalists",3,2,2,2,3,3,3,5c735f3106f23500016d6c975c735f3106f23500016d6c97,100.5,complete,,5c735f3106f23500016d6c97
2026-05-22 13:17:31,2026-05-22 13:22:19,0,100,287,1,2026-05-22 13:22:20,R_87q9GlvY3e67ejg,anonymous,EN,1,,1,22,1,1,1,5,1,3453,1,Off,Off,Off,On,Off,Off,Off,Off,Off,Off,2,Instagram,6,4,6,4,5,4,1,1,4,1,5,6,4,7,5,4,6,6,,1,1,1,1,1,1,1,6a08c88942e79c3b46c690eb6a08c88942e79c3b46c690eb,68.5,complete,,6a08c88942e79c3b46c690eb
2026-05-22 13:14:19,2026-05-22 13:22:23,0,100,484,1,2026-05-22 13:22:24,R_2k6s0PA8rx1D4oV,anonymous,EN,1,,1,24,2,1,1,6,1,2587,1,Off,On,Off,Off,Off,Off,Off,Off,Off,Off,3,Instagram en tiktok,1,3,1,3,4,2,1,2,5,3,5,4,3,4,2,5,5,5,,2,1,2,2,1,1,2,69ea1fa9ad7afbf68dbd169969ea1fa9ad7afbf68dbd1699,92.5,complete,,69ea1fa9ad7afbf68dbd1699
2026-05-22 13:15:38,2026-05-22 13:23:23,0,100,465,1,2026-05-22 13:23:24,R_2Pg8vz2fGqgI3Wp,anonymous,EN,1,,1,21,2,2,4,3,13,3039,2,Off,Off,Off,Off,Off,On,Off,Off,Off,Off,4,"Twitter, instagram, and tiktok",3,5,5,4,3,6,4,5,4,3,2,1,1,2,3,5,5,5,,4,3,3,3,2,2,3,6a0b1315ed132b0282bb7702,128.5,complete,,6a0b1315ed132b0282bb7702
2026-05-22 13:19:12,2026-05-22 13:23:27,0,100,255,1,2026-05-22 13:23:28,R_2chGgPiMqinUYtR,anonymous,EN,0.8999999761581421,,1,29,1,1,1,5,12,3931,1,Off,Off,Off,Off,On,Off,Off,Off,Off,Off,5,YouTube,3,3,3,3,3,3,2,3,3,3,4,5,4,4,4,4,5,5,,3,3,3,3,2,2,2,63c53a92320672e86322e0b363c53a92320672e86322e0b3,108.5,complete,,63c53a92320672e86322e0b3
2026-05-22 13:14:04,2026-05-22 13:23:36,0,100,571,1,2026-05-22 13:23:36,R_2QlYK9WmeKz0ZlN,anonymous,EN,0.699999988079071,,1,34,1,2,4,6,5,6709,1,Off,Off,Off,Off,Off,On,Off,Off,Off,Off,4,"Youtube, Facebook",2,2,3,3,2,5,4,3,2,2,2,3,7,7,6,7,7,7,"Youtube mostly for learning, facebook for interraction",2,2,2,2,1,1,1,69f34af6c5fb422bd66611b069f34af6c5fb422bd66611b0,110.5,complete,,69f34af6c5fb422bd66611b0
2026-05-22 13:17:53,2026-05-22 13:23:37,0,100,343,1,2026-05-22 13:23:38,R_8LpM22b7l8XTSA4,anonymous,EN,1,,1,31,1,1,1,5,6,6543,1,Off,Off,Off,Off,On,Off,Off,Off,Off,Off,4,TikTok,6,7,7,7,6,6,3,3,5,3,7,2,1,1,1,1,1,1,,3,4,4,2,3,3,3,6a0ae584896adcb94ce62cf5,85.5,complete,,6a0ae584896adcb94ce62cf5
2026-05-22 13:15:06,2026-05-22 13:23:37,0,100,511,1,2026-05-22 13:23:38,R_2dmspKU9kDU3hXO,anonymous,EN,1,,1,30,2,1,4,6,1,5751,1,Off,Off,Off,Off,Off,On,Off,Off,Off,Off,6,"instagram, tiktok",2,2,3,3,3,1,1,1,1,1,3,3,3,4,4,4,5,4,,3,3,3,3,3,2,3,69fcd1ce8a740ae533145bbd69fcd1ce8a740ae533145bbd,101.5,complete,,69fcd1ce8a740ae533145bbd
2026-05-22 13:15:21,2026-05-22 13:24:31,0,100,549,1,2026-05-22 13:24:32,R_8urK5PteRvXSS04,anonymous,EN,1,,1,46,2,1,4,6,9,2719,1,Off,Off,Off,Off,On,Off,Off,Off,Off,Off,5,tiktok,2,3,3,2,3,5,3,5,5,4,5,3,3,4,6,6,6,5,,3,3,1,2,2,1,3,669fb41f41b6faed20f70ea38,124.5,complete,,69fb41f41b6faed20f70ea38
2026-05-22 13:19:18,2026-05-22 13:24:39,0,100,321,1,2026-05-22 13:24:40,R_2VJKhkKv41sdlLz,anonymous,EN,0.800000011920929,,1,36,2,2,4,4,1,3721,1,Off,Off,Off,Off,Off,Off,Off,On,Off,Off,4,"Facebook, Instagram, LinkedIn, Snapchat",6,7,7,7,7,1,1,1,1,1,1,3,7,7,6,4,5,5,,2,1,1,1,1,1,2,6a06dd194f115de8262ae9ae6a06dd194f115de8262ae9ae,64.5,complete,,6a06dd194f115de8262ae9ae
2026-05-22 13:14:25,2026-05-22 13:24:40,0,100,614,1,2026-05-22 13:24:41,R_2tgHmVomtR8qzok,anonymous,EN,1,,1,35,1,2,1,2,7,1445,1,Off,Off,Off,Off,Off,Off,On,Off,Off,Off,3,tik tok + instagram,3,3,6,3,2,1,2,4,2,5,1,1,3,2,5,5,6,5,Voor het leren van nieuwe skills ( technisch ) en game informatie.,3,3,3,2,2,1,1,69eb7789df00e7ce216efe0569eb7789df00e7ce216efe05,107.5,complete,,69eb7789df00e7ce216efe05
2026-05-22 13:20:23,2026-05-22 13:25:30,0,100,306,1,2026-05-22 13:25:31,R_2j2GSwGF5vBD7Y3,anonymous,EN,1,,1,34,2,1,4,6,5,2518,1,Off,Off,Off,On,Off,Off,Off,Off,Off,Off,7,Instagram,2,2,3,3,3,4,2,2,3,1,5,2,2,3,5,3,2,3,,3,3,2,2,3,3,4,6a0af2dc9ee22ac23d19adb9,110.5,complete,,6a0af2dc9ee22ac23d19adb9
2026-05-22 13:17:44,2026-05-22 13:25:40,0,100,475,1,2026-05-22 13:25:40,R_2KBPPW7HGkywt21,anonymous,EN,1,,1,41,1,1,1,6,9,2025,1,Off,Off,Off,On,Off,Off,Off,Off,Off,Off,3,Reddit,3,4,4,7,7,2,1,2,2,3,3,5,4,5,5,5,5,5,"Mostly for entertainment and enrichment ",3,3,2,2,3,2,3,69f63f81caf1fef115ec8f6d,92.5,complete,,69f63f81caf1fef115ec8f6d
2026-05-22 13:20:28,2026-05-22 13:25:50,0,100,321,1,2026-05-22 13:25:50,R_2nleuYKpCDgvuRr,anonymous,EN,1,,1,31,1,1,1,5,9,5616,2,Off,Off,On,Off,Off,Off,Off,Off,Off,Off,3,Youtube,6,5,6,5,5,6,4,4,6,2,6,3,3,6,2,3,2,2,,3,3,2,3,3,2,3,66d46d9f11f154596d2f11c966d46d9f11f154596d2f11c9,91.5,complete,,66d46d9f11f154596d2f11c9
2026-05-22 13:20:15,2026-05-22 13:26:22,0,100,366,1,2026-05-22 13:26:22,R_8lJJ1kId0fy27Az,anonymous,EN,0.800000011920929,,1,30,2,1,1,5,8,1211,1,Off,Off,Off,Off,Off,On,Off,Off,Off,Off,6,TikTok,6,4,5,5,5,2,2,1,2,2,2,2,2,2,5,6,4,5,,2,1,1,1,2,2,1,69fa32ce0fb3c120bc69f8cd69fa32ce0fb3c120bc69f8cd,94.5,complete,,69fa32ce0fb3c120bc69f8cd
2026-05-22 13:20:16,2026-05-22 13:27:18,0,100,422,1,2026-05-22 13:27:19,R_2CJe6769uyNABbA,anonymous,EN,1,,1,48,1,1,1,5,10,5401,1,Off,Off,On,Off,Off,Off,Off,Off,Off,Off,3,Instagram,6,5,5,6,6,2,2,2,4,2,6,6,6,6,5,5,6,4,I do not use social media for other reason then discribed,1,1,1,1,2,1,1,6a043e41ab39d8f988399ac86a043e41ab39d8f988399ac8,74.5,complete,,6a043e41ab39d8f988399ac8
2026-05-22 13:22:35,2026-05-22 13:27:42,0,100,307,1,2026-05-22 13:27:42,R_2IWTcxedgJxVNxE,anonymous,EN,1,,1,47,2,2,4,6,2,1083,1,Off,Off,Off,Off,Off,On,Off,Off,Off,Off,3,"Facebook, Instagram",6,5,6,7,7,1,1,1,1,1,7,7,7,7,3,3,5,3,"for fun, staying connected with friends",2,2,1,1,1,1,2,6a01b1f06096535736fff14e6a01b1f06096535736fff14e,54.5,complete,,6a01b1f06096535736fff14e
2026-05-22 13:16:15,2026-05-22 13:27:43,0,100,688,1,2026-05-22 13:27:43,R_8DuKO1IGtTuUheR,anonymous,EN,0.800000011920929,,1,25,2,1,3,6,1,1328,1,Off,Off,Off,Off,On,Off,Off,Off,Off,Off,5,Instagram and Reddit,3,4,2,5,6,3,2,4,5,2,5,3,2,3,4,3,5,4,Mostly to kill time and look for inspiration (food place recommendations),2,1,1,2,2,2,3,69c6749e1f8678de986d882069c6749e1f8678de986d8820,95.5,complete,,69c6749e1f8678de986d8820
2026-05-22 13:17:44,2026-05-22 13:28:58,0,100,674,1,2026-05-22 13:28:58,R_86yVWOwgU3lBo5P,anonymous,EN,1,,1,37,2,1,4,6,2,7522,1,Off,Off,Off,Off,Off,On,Off,Off,Off,Off,3,Facebook,2,3,2,2,2,3,2,1,2,2,2,5,3,3,4,5,5,4,"It makes me feel it distracts me from me overthinking about things I could not achieve. I also try to learn cooking recipes and Dutch language using reels. ",2,2,1,2,2,2,3,6a0ddb3479fbe6dfa9b573f86a0ddb3479fbe6dfa9b573f8,101.5,complete,,6a0ddb3479fbe6dfa9b573f8
2026-05-22 13:31:31,2026-05-22 13:35:03,0,100,211,1,2026-05-22 13:35:04,R_8AZ6ziEKXRHR9d3,anonymous,EN,1,,1,28,1,1,3,5,6,7607,1,Off,Off,Off,On,Off,Off,Off,Off,Off,Off,3,Tiktok,2,3,2,3,4,2,1,1,2,1,2,4,3,4,3,3,3,2,,2,1,1,1,1,1,3,6a0721ea3c79acd2e585fe4b6a0721ea3c79acd2e585fe4b,85.5,complete,,6a0721ea3c79acd2e585fe4b
2026-05-22 13:31:22,2026-05-22 13:36:14,0,100,292,1,2026-05-22 13:36:15,R_2fpMhtDq5O5KMUZ,anonymous,EN,1,,1,30,2,1,1,2,3,1628,1,Off,Off,Off,Off,Off,Off,Off,On,Off,Off,5,instagram,2,3,4,3,3,2,1,1,1,2,6,6,4,3,5,4,6,4,"just watching funny videos ",3,3,3,3,3,3,4,69ce42ed7fb2acf31c44220669ce42ed7fb2acf31c442206,93.5,complete,,69ce42ed7fb2acf31c442206
2026-05-22 13:31:05,2026-05-22 13:36:28,0,100,323,1,2026-05-22 13:36:28,R_8cStt2o2bNDO5pm,anonymous,EN,1,,1,37,2,1,4,5,4,5018,2,Off,Off,Off,Off,Off,On,Off,Off,Off,Off,2,"Facebook, Instagram",3,3,2,2,2,2,2,2,2,1,4,4,4,5,5,5,6,5,,2,2,2,2,1,1,1,6980d2ed9e361761ddfb5de36980d2ed9e361761ddfb5de3,96.5,complete,,6980d2ed9e361761ddfb5de3
2026-05-22 13:33:48,2026-05-22 13:36:57,0,100,189,1,2026-05-22 13:36:58,R_2sVBtx5gU1OgoI9,anonymous,EN,1,,1,29,2,1,4,6,9,3526,1,Off,Off,Off,Off,Off,Off,On,Off,Off,Off,4,"Red book, Douban, Youtube",2,4,4,5,2,5,2,2,2,2,3,5,5,5,2,3,5,3,,4,4,4,4,4,2,2,69f094974904b17d33ad439369f094974904b17d33ad4393,106.5,complete,,69f094974904b17d33ad4393
2026-05-22 13:31:55,2026-05-22 13:38:09,0,100,373,1,2026-05-22 13:38:09,R_2hokaOtvMcMHZ57,anonymous,EN,1,,1,19,2,1,1,3,1,5291,1,Off,Off,On,Off,Off,Off,Off,Off,Off,Off,3,,4,2,2,2,2,6,5,3,5,5,5,2,1,3,5,3,4,2,,3,3,3,2,2,3,4,69ca8c49117dbea00ce5a28169ca8c49117dbea00ce5a281,111.5,complete,,69ca8c49117dbea00ce5a281
2026-05-22 13:32:15,2026-05-22 13:38:27,0,100,372,1,2026-05-22 13:38:28,R_2nd0xORhYAvQVKV,anonymous,EN,1,,1,34,1,1,1,6,6,2969,1,Off,Off,Off,Off,On,Off,Off,Off,Off,Off,2,"Instagram, Linkedin",5,4,4,6,4,2,2,2,2,2,6,4,3,5,2,3,5,3,,3,2,1,3,2,1,3,69e73972999e1a02eccd90d3,79.5,complete,,69e73972999e1a02eccd90d3
2026-05-22 13:33:06,2026-05-22 13:38:54,0,100,348,1,2026-05-22 13:38:54,R_2MQwwsmeqKbEGA1,anonymous,EN,1,,1,25,2,1,4,6,6,5042,1,Off,Off,Off,Off,On,Off,Off,Off,Off,Off,7,"Instagram, Tiktok",5,3,3,6,6,2,2,2,4,3,5,2,2,3,6,5,6,4,,4,3,2,1,1,1,1,6a0ad888fdacce1745967bc16a0ad888fdacce1745967bc1,103.5,complete,,6a0ad888fdacce1745967bc1
2026-05-22 13:31:17,2026-05-22 13:39:31,0,100,494,1,2026-05-22 13:39:32,R_2xB7zFDuqUAXoKB,anonymous,EN,0.800000011920929,,1,40,1,4,5,6,6,5701,1,Off,Off,Off,Off,On,Off,Off,Off,Off,Off,5,"Instagram, Facebook, linkedIn",6,3,6,6,5,4,1,1,1,1,5,5,6,6,6,6,6,6,,1,1,1,1,1,1,1,69fc897aa45cfd7034bd73a669fc897aa45cfd7034bd73a6,83.5,complete,,69fc897aa45cfd7034bd73a6
2026-05-22 13:31:58,2026-05-22 13:39:45,0,100,466,1,2026-05-22 13:39:46,R_2QZf3NvOiGLZVux,anonymous,EN,1,,1,35,2,1,1,5,12,6535,1,Off,Off,Off,Off,On,Off,Off,Off,Off,Off,5,TikTok & Instagram,5,6,3,6,5,1,1,2,5,2,2,3,2,5,6,5,6,6,,3,3,3,2,3,2,4,69f2268c17c589e28d90bc5869f2268c17c589e28d90bc58,108.5,complete,,69f2268c17c589e28d90bc58
2026-05-22 13:36:24,2026-05-22 13:40:07,0,100,223,1,2026-05-22 13:40:08,R_8CDtSUHHXlEFLzd,anonymous,EN,1,,1,35,2,1,1,5,7,4464,1,Off,Off,Off,On,Off,Off,Off,Off,Off,Off,2,instagram,3,4,5,5,3,3,2,3,2,3,3,2,3,5,5,4,5,5,,1,1,1,1,2,1,1,5e37fef4d8843b000aeb1b8f5e37fef4d8843b000aeb1b8f,90.5,complete,,5e37fef4d8843b000aeb1b8f
2026-05-22 13:32:00,2026-05-22 13:41:08,0,100,548,1,2026-05-22 13:41:09,R_2IGCrEK9T8hoTbt,anonymous,EN,1,,1,31,1,1,1,2,6,6811,1,Off,Off,Off,Off,On,Off,Off,Off,Off,Off,3,"instagram, facebook",4,3,4,6,5,5,3,3,4,3,5,4,6,6,5,6,5,4,"entertainment, passing time, connecting with people",2,1,1,1,2,1,2,65aa83d1578eec02321e9fd165aa83d1578eec02321e9fd1,84.5,complete,,65aa83d1578eec02321e9fd1
2026-05-22 13:35:28,2026-05-22 13:41:43,0,100,375,1,2026-05-22 13:41:44,R_2fOS5LhtulFN7E8,anonymous,EN,1,,1,40,1,1,4,6,8,5017,1,Off,Off,Off,On,Off,Off,Off,Off,Off,Off,3,"YouTube, Facebook, Instagram",6,4,2,2,2,1,1,1,1,1,6,7,3,3,5,3,2,2,,3,4,4,2,3,2,2,5d7f65da7fcc5f00189df9135d7f65da7fcc5f00189df913,90.5,complete,,5d7f65da7fcc5f00189df913
2026-05-22 13:33:19,2026-05-22 13:42:04,0,100,524,1,2026-05-22 13:42:04,R_2q4Dy67knxQ2PTA,anonymous,EN,1,,1,30,2,1,4,6,8,1017,1,Off,Off,Off,Off,Off,Off,On,Off,Off,Off,5,TikTok,2,2,3,5,4,5,3,5,3,2,2,2,3,6,5,5,5,4,,3,1,1,1,1,1,1,65980bab1211fc800b609b7f65980bab1211fc800b609b7f,108.5,complete,,65980bab1211fc800b609b7f
2026-05-22 13:37:33,2026-05-22 13:42:44,0,100,310,1,2026-05-22 13:42:44,R_2DIMt0EZ30gXP9L,anonymous,EN,1,,1,36,1,1,1,2,4,3731,1,Off,Off,Off,Off,Off,Off,On,Off,Off,Off,5,Mostly YouTube and Reddit,3,5,4,5,5,5,2,2,3,3,3,4,3,3,6,5,5,4,,3,3,2,3,2,2,4,69f5f04824aea00518fe58c469f5f04824aea00518fe58c4,98.5,complete,,69f5f04824aea00518fe58c4
2026-05-22 13:34:46,2026-05-22 13:43:49,0,100,543,1,2026-05-22 13:43:50,R_8O0DN5DjxGUAiuB,anonymous,EN,0.800000011920929,,1,35,2,1,4,5,12,7415,1,Off,Off,Off,Off,Off,On,Off,Off,Off,Off,4,"Instagram, X, Pinterest",5,5,5,3,3,2,2,2,2,2,5,3,3,3,5,4,4,3,,3,2,3,3,2,2,3,6543af5ffb1aa57dd5253d886543af5ffb1aa57dd5253d88,102.5,complete,,6543af5ffb1aa57dd5253d88
2026-05-22 13:35:29,2026-05-22 13:44:08,0,100,519,1,2026-05-22 13:44:09,R_2UYI2IV3gPMw0Fl,anonymous,EN,1,,1,27,1,1,1,6,2,1363,1,Off,Off,Off,Off,On,Off,Off,Off,Off,Off,4,Tiktok,6,3,5,3,2,2,5,1,1,1,5,5,3,3,3,2,2,1,,3,3,3,3,4,3,3,69de84e1a470109ddb05a6df69de84e1a470109ddb05a6df,85.5,complete,,69de84e1a470109ddb05a6df
2026-05-22 13:34:14,2026-05-22 13:47:36,0,100,801,1,2026-05-22 13:47:36,R_8sruFKiUjQYHqz7,anonymous,EN,1,,1,20,2,1,1,3,13,7006,1,Off,Off,Off,Off,Off,On,Off,Off,Off,Off,6,"YouTube ",3,3,2,3,5,1,1,1,2,1,4,5,6,6,5,5,6,5,,2,2,1,1,2,1,3,6a0ef8047ced1f4a753c38926a0ef8047ced1f4a753c3892,93.5,complete,,6a0ef8047ced1f4a753c3892
2026-05-22 13:45:45,2026-05-22 13:50:51,0,100,306,1,2026-05-22 13:50:52,R_2LXtwkR1GUpLDuP,anonymous,EN,1,,1,32,1,1,1,5,3,1211,1,Off,Off,Off,Off,On,Off,Off,Off,Off,Off,3,instagram,2,2,2,3,3,1,1,1,1,1,3,6,3,7,2,2,2,2,Just browsing mostly,2,2,1,1,2,1,3,69fba619aea20ed35958377a69fba619aea20ed35958377a,73.5,complete,,69fba619aea20ed35958377a
2026-05-22 13:45:24,2026-05-22 13:53:10,0,100,465,1,2026-05-22 13:53:10,R_8Y4ZFynNI35yoL9,anonymous,EN,1,,1,32,2,1,4,5,12,2135,1,Off,Off,Off,Off,Off,Off,Off,On,Off,Off,6,instagram,4,5,5,5,4,3,4,4,5,4,3,3,2,2,4,4,3,2,,3,3,3,4,2,3,3,6936cd360252ba5b016b138f6936cd360252ba5b016b138f,116.5,complete,,6936cd360252ba5b016b138f
2026-05-22 13:45:50,2026-05-22 13:55:34,0,100,583,1,2026-05-22 13:55:34,R_2uwgALD14ZrNMtQ,anonymous,EN,1,,1,25,2,1,1,5,4,9047,2,Off,Off,Off,Off,Off,Off,On,Off,Off,Off,5,Instragram,2,1,1,3,5,1,1,2,3,1,4,4,5,7,5,4,6,6,NA,1,1,1,1,1,1,1,6a0dbd4b58f820d595ddc16c6a0dbd4b58f820d595ddc16c,88.5,complete,,6a0dbd4b58f820d595ddc16c
2026-05-22 14:00:51,2026-05-22 14:04:26,0,100,214,1,2026-05-22 14:04:27,R_26nF2Ga8En0ujdd,anonymous,EN,1,,1,30,1,1,1,5,9,4701,1,Off,Off,Off,On,Off,Off,Off,Off,Off,Off,4,"Linkedin, Instagram, Tiktok",6,5,5,5,3,2,1,1,1,1,2,5,6,6,6,4,6,6,"Entertainment, personal development",1,1,1,1,1,1,1,6a022c9f204357c4f75ce52c6a022c9f204357c4f75ce52c,78.5,complete,,6a022c9f204357c4f75ce52c
2026-05-22 13:38:27,2026-05-22 14:13:46,0,100,2119,1,2026-05-22 14:13:47,R_2r9dUXIqS6sPnq1,anonymous,EN,1,,1,34,2,1,1,6,5,2574,1,Off,Off,Off,On,Off,Off,Off,Off,Off,Off,2,"tiktok, youtube, instagram",2,3,3,3,3,3,2,2,2,2,3,3,3,5,5,5,6,5,to find ideas and travel tips,2,1,1,2,2,1,3,5dc6b555c9ba4f4c85f3f5275dc6b555c9ba4f4c85f3f527,98.5,complete,,5dc6b555c9ba4f4c85f3f527
2026-05-22 14:35:57,2026-05-22 14:38:30,0,100,153,1,2026-05-22 14:38:31,R_2khnweDGzabGYHi,anonymous,EN,1,,1,22,2,1,3,6,2,1056,1,Off,Off,Off,Off,On,Off,Off,Off,Off,Off,5,,2,2,2,2,2,5,3,2,4,3,3,4,2,2,2,2,2,2,,2,2,2,2,2,2,2,6a0dec90ae5bbd732b0a512c6a0dec90ae5bbd732b0a512c,102.5,complete,,6a0dec90ae5bbd732b0a512c
